facility_name,name_url,county,epa_class_simple,srn,violation_count,most_recent_vn
"DETROIT RENEWABLE POWER, LLC","<a href='?srn=M4148'>DETROIT RENEWABLE POWER, LLC</a>",Wayne,Major ,M4148,35.0,2019-08-29
"ARBOR HILLS LANDFILL, INC.","<a href='?srn=N2688'>ARBOR HILLS LANDFILL, INC.</a>",Washtenaw,Major ,N2688,31.0,2022-12-08
CLEVELAND-CLIFFS STEEL CORPORATION DEARBORN WORKS,<a href='?srn=A8640'>CLEVELAND-CLIFFS STEEL CORPORATION DEARBORN WORKS</a>,Wayne,Megasite,A8640,18.0,2023-01-19
"EQ DETROIT, INC. (DBA US ECOLOGY - DETROIT SOUTH)","<a href='?srn=M4545'>EQ DETROIT, INC. (DBA US ECOLOGY - DETROIT SOUTH)</a>",Wayne,Synthetic Minor ,M4545,17.0,2023-02-10
INDUSTRIAL METAL COATINGS INC,<a href='?srn=N5145'>INDUSTRIAL METAL COATINGS INC</a>,Macomb,True Minor ,N5145,14.0,2023-09-07
MICHIGAN SUGAR COMPANY - BAY CITY,<a href='?srn=B1493'>MICHIGAN SUGAR COMPANY - BAY CITY</a>,Bay,Major ,B1493,14.0,2023-06-26
HOLCIM (US) INC. DBA LAFARGE ALPENA PLANT,<a href='?srn=B1477'>HOLCIM (US) INC. DBA LAFARGE ALPENA PLANT</a>,Alpena,Major ,B1477,12.0,2023-07-20
EDW C LEVY CO PLANT 6,<a href='?srn=B4243'>EDW C LEVY CO PLANT 6</a>,Wayne,Major ,B4243,12.0,2023-07-31
MARATHON PETROLEUM COMPANY LP,<a href='?srn=A9831'>MARATHON PETROLEUM COMPANY LP</a>,Wayne,Megasite,A9831,11.0,2023-03-15
DOW SILICONES CORPORATION,<a href='?srn=A4043'>DOW SILICONES CORPORATION</a>,Midland,Megasite,A4043,11.0,2021-12-14
"MICHIGAN SUGAR COMPANY, CARO FACTORY","<a href='?srn=B2875'>MICHIGAN SUGAR COMPANY, CARO FACTORY</a>",Tuscola,Major ,B2875,9.0,2023-08-21
FCA US LLC - JEFFERSON NORTH ASSEMBLY PLANT,<a href='?srn=N2155'>FCA US LLC - JEFFERSON NORTH ASSEMBLY PLANT</a>,Wayne,Major ,N2155,9.0,2023-05-11
"DICASTAL NORTH AMERICA, INC.","<a href='?srn=N7688'>DICASTAL NORTH AMERICA, INC.</a>",Montcalm,Synthetic Minor ,N7688,9.0,2023-08-23
GREDE LLC - IRON MOUNTAIN,<a href='?srn=B1577'>GREDE LLC - IRON MOUNTAIN</a>,Dickinson,Major ,B1577,8.0,2021-12-17
RIVERVIEW LAND PRESERVE,<a href='?srn=M4469'>RIVERVIEW LAND PRESERVE</a>,Wayne,Major ,M4469,8.0,2023-09-07
U S STEEL GREAT LAKES WORKS,<a href='?srn=A7809'>U S STEEL GREAT LAKES WORKS</a>,Wayne,Megasite,A7809,8.0,2022-02-14
DECORATIVE PANELS INTERNATIONAL,<a href='?srn=B1476'>DECORATIVE PANELS INTERNATIONAL</a>,Alpena,Major ,B1476,8.0,2023-06-01
HASTINGS MANUFACTURING COMPANY,<a href='?srn=A0171'>HASTINGS MANUFACTURING COMPANY</a>,Barry,True Minor ,A0171,8.0,2022-05-04
"CRIMSON HOLDINGS, LLC","<a href='?srn=E8117'>CRIMSON HOLDINGS, LLC</a>",Lenawee,True Minor ,E8117,8.0,2023-06-22
"MICHIGAN SUGAR COMPANY, CROSWELL FACTORY","<a href='?srn=B2876'>MICHIGAN SUGAR COMPANY, CROSWELL FACTORY</a>",Sanilac,Major ,B2876,7.0,2023-03-14
"GREAT LAKES CREMATION, INC.","<a href='?srn=N8339'>GREAT LAKES CREMATION, INC.</a>",Oakland,True Minor ,N8339,7.0,2022-12-08
ST MARYS CEMENT CHARLEVOIX PLANT,<a href='?srn=B1559'>ST MARYS CEMENT CHARLEVOIX PLANT</a>,Charlevoix,Major ,B1559,7.0,2022-11-15
"LUKAZCEK EXCAVATING AND DRAINAGE, LLC.","<a href='?srn=P0820'>LUKAZCEK EXCAVATING AND DRAINAGE, LLC.</a>",Branch,True Minor ,P0820,7.0,2022-05-23
"CITIZENS DISPOSAL, INC.","<a href='?srn=N5991'>CITIZENS DISPOSAL, INC.</a>",Genesee,Major ,N5991,7.0,2022-10-04
"BREMBO NORTH AMERICA, INC.","<a href='?srn=N6226'>BREMBO NORTH AMERICA, INC.</a>",Calhoun,Major ,N6226,7.0,2022-10-04
"GENERATE FREMONT DIGESTER, LLC","<a href='?srn=N8210'>GENERATE FREMONT DIGESTER, LLC</a>",Newaygo,Synthetic Minor ,N8210,7.0,2021-10-04
GERDAU MACSTEEL MONROE MILL,<a href='?srn=B7061'>GERDAU MACSTEEL MONROE MILL</a>,Monroe,Major ,B7061,7.0,2022-07-27
ROGERS PRINTING INC,<a href='?srn=A4216'>ROGERS PRINTING INC</a>,Muskegon,Synthetic Minor ,A4216,7.0,2023-07-05
EES COKE BATTERY L.L.C.,<a href='?srn=P0408'>EES COKE BATTERY L.L.C.</a>,Wayne,Megasite,P0408,6.0,2023-01-11
DYNAMIC CRUSHING LLC,<a href='?srn=P0691'>DYNAMIC CRUSHING LLC</a>,Ionia,True Minor ,P0691,6.0,2021-10-19
TRIBAR TECHNOLOGIES INC. (PLANT 1),<a href='?srn=N1581'>TRIBAR TECHNOLOGIES INC. (PLANT 1)</a>,Oakland,Synthetic Minor ,N1581,6.0,2023-08-04
TRIBAR TECHNOLOGIES INC (PLANT 5),<a href='?srn=P0727'>TRIBAR TECHNOLOGIES INC (PLANT 5)</a>,Oakland,True Minor ,P0727,6.0,2023-08-04
"LTI PRINTING, INC.","<a href='?srn=A6405'>LTI PRINTING, INC.</a>",Saint Joseph,True Minor ,A6405,6.0,2023-09-25
"LACKS INDUSTRIES, INC.","<a href='?srn=N2079'>LACKS INDUSTRIES, INC.</a>",Kent,Megasite,N2079,6.0,2022-10-24
"ATLAS EPS, A DIVISION OF ATLAS ROOFING CORP.","<a href='?srn=N1794'>ATLAS EPS, A DIVISION OF ATLAS ROOFING CORP.</a>",Kent,Major ,N1794,6.0,2022-09-15
PRATT INDUSTRIES INC.,<a href='?srn=P0491'>PRATT INDUSTRIES INC.</a>,Berrien,True Minor ,P0491,6.0,2022-06-15
MOLD MASTERS COMPANY,<a href='?srn=A2809'>MOLD MASTERS COMPANY</a>,Lapeer,Synthetic Minor ,A2809,6.0,2023-05-31
"MESSINA TRUCKING, INC.","<a href='?srn=P1020'>MESSINA TRUCKING, INC.</a>",Macomb,True Minor ,P1020,6.0,2023-09-13
"HOOVER ROAD REAL ESTATE, LLC","<a href='?srn=P1109'>HOOVER ROAD REAL ESTATE, LLC</a>",Macomb,Synthetic Minor ,P1109,6.0,2022-09-07
PRATT INDUSTRIES INC.,<a href='?srn=N7486'>PRATT INDUSTRIES INC.</a>,Berrien,Synthetic Minor ,N7486,6.0,2022-06-10
DTE ELECTRIC COMPANY - MONROE POWER PLANT,<a href='?srn=B2816'>DTE ELECTRIC COMPANY - MONROE POWER PLANT</a>,Monroe,Major ,B2816,6.0,2023-07-11
MICHIGAN FOAM PRODUCTS LLC,<a href='?srn=N3078'>MICHIGAN FOAM PRODUCTS LLC</a>,Kent,Major ,N3078,6.0,2022-10-06
BASF CORPORATION - CHEMICAL PLANTS,<a href='?srn=B4359'>BASF CORPORATION - CHEMICAL PLANTS</a>,Wayne,Major ,B4359,5.0,2023-03-24
"RECONSERVE OF MICHIGAN, INC.","<a href='?srn=N8081'>RECONSERVE OF MICHIGAN, INC.</a>",Calhoun,Synthetic Minor ,N8081,5.0,2023-05-12
"REAL ALLOY RECYCLING, LLC","<a href='?srn=N5957'>REAL ALLOY RECYCLING, LLC</a>",Branch,Major ,N5957,5.0,2023-04-06
U S SILICA CO,<a href='?srn=A7757'>U S SILICA CO</a>,Wayne,Synthetic Minor ,A7757,5.0,2023-05-22
MICHIGAN SUGAR COMPANY  -  SEBEWAING FACTORY,<a href='?srn=B2873'>MICHIGAN SUGAR COMPANY  -  SEBEWAING FACTORY</a>,Huron,Major ,B2873,5.0,2023-03-14
PPI AEROSPACE,<a href='?srn=N6857'>PPI AEROSPACE</a>,Macomb,Synthetic Minor ,N6857,5.0,2019-10-08
LBWL - ECKERT STATION & REO TOWN PLANT,<a href='?srn=B2647'>LBWL - ECKERT STATION & REO TOWN PLANT</a>,Ingham,Major ,B2647,5.0,2021-05-06
DIAMOND CHROME PLATING INC,<a href='?srn=A2931'>DIAMOND CHROME PLATING INC</a>,Livingston,True Minor ,A2931,5.0,2019-10-30
MICHIGAN METAL COATINGS,<a href='?srn=N0950'>MICHIGAN METAL COATINGS</a>,Saint Clair,Synthetic Minor ,N0950,5.0,2019-09-12
HARD ROCK QUARRY LLC,<a href='?srn=P0723'>HARD ROCK QUARRY LLC</a>,Jackson,True Minor ,P0723,5.0,2022-06-02
GRAND RAPIDS WASTEWATER TREATMENT PLANT,<a href='?srn=B1729'>GRAND RAPIDS WASTEWATER TREATMENT PLANT</a>,Kent,Synthetic Minor ,B1729,5.0,2023-08-03
GRAPHIC PACKAGING INTERNATIONAL LLC,<a href='?srn=B1678'>GRAPHIC PACKAGING INTERNATIONAL LLC</a>,Kalamazoo,Major ,B1678,5.0,2022-12-19
PREMIER FINISHES LLC,<a href='?srn=N7896'>PREMIER FINISHES LLC</a>,Macomb,True Minor ,N7896,5.0,2023-09-20
PREGIS,<a href='?srn=N6944'>PREGIS</a>,Saint Clair,Major ,N6944,5.0,2023-06-26
MARTIN TECHNOLOGIES,<a href='?srn=N7564'>MARTIN TECHNOLOGIES</a>,Oakland,Synthetic Minor ,N7564,5.0,2022-07-14
THE ANDERSONS MARATHON HOLDINGS LLC,<a href='?srn=B8570'>THE ANDERSONS MARATHON HOLDINGS LLC</a>,Calhoun,Major ,B8570,5.0,2022-11-10
ROCKY-TOP SAND & GRAVEL LLC,<a href='?srn=P0143'>ROCKY-TOP SAND & GRAVEL LLC</a>,Allegan,True Minor ,P0143,5.0,2022-06-10
"POET BIOREFINING - CARO, LLC","<a href='?srn=N6996'>POET BIOREFINING - CARO, LLC</a>",Tuscola,Major ,N6996,5.0,2023-09-13
"LBWL, ERICKSON STATION","<a href='?srn=B4001'>LBWL, ERICKSON STATION</a>",Eaton,Major ,B4001,4.0,2023-02-07
SPRAYTEK INC,<a href='?srn=N0917'>SPRAYTEK INC</a>,Oakland,Synthetic Minor ,N0917,4.0,2022-07-29
BEACON PARK FINISHING LLC,<a href='?srn=B3000'>BEACON PARK FINISHING LLC</a>,Macomb,True Minor ,B3000,4.0,2023-05-31
"D & D AMALGAMATED SERVICES, INC.","<a href='?srn=P1032'>D & D AMALGAMATED SERVICES, INC.</a>",Kalamazoo,True Minor ,P1032,4.0,2022-06-10
STANDARD COATING INC.,<a href='?srn=B2363'>STANDARD COATING INC.</a>,Oakland,Major ,B2363,4.0,2022-09-07
"AGCO, INC","<a href='?srn=N5101'>AGCO, INC</a>",Mecosta,Major ,N5101,4.0,2022-10-06
GRANGER WOOD STREET LANDFILL,<a href='?srn=N5997'>GRANGER WOOD STREET LANDFILL</a>,Clinton,Major ,N5997,4.0,2022-10-06
DETROIT THERMAL  BEACON HEATING PLANT,<a href='?srn=B2814'>DETROIT THERMAL  BEACON HEATING PLANT</a>,Wayne,Major ,B2814,4.0,2018-05-18
ST. CLAIR / BELLE RIVER POWER PLANT,<a href='?srn=B2796'>ST. CLAIR / BELLE RIVER POWER PLANT</a>,Saint Clair,Major ,B2796,4.0,2023-02-07
MARTINREA BISHOP CIRCLE,<a href='?srn=B3658'>MARTINREA BISHOP CIRCLE</a>,Washtenaw,Synthetic Minor ,B3658,4.0,2022-05-03
"INDUSTRIAL CONTAINER SERVICES - MI, LLC","<a href='?srn=B1715'>INDUSTRIAL CONTAINER SERVICES - MI, LLC</a>",Kent,Synthetic Minor ,B1715,4.0,2022-05-03
FCA US LLC WARREN TRUCK ASSEMBLY PLANT,<a href='?srn=B2767'>FCA US LLC WARREN TRUCK ASSEMBLY PLANT</a>,Macomb,Major ,B2767,4.0,2022-10-21
YPSILANTI COMM. UTILITIES AUTHORITY,<a href='?srn=B6237'>YPSILANTI COMM. UTILITIES AUTHORITY</a>,Washtenaw,True Minor ,B6237,4.0,2022-02-01
"METAL TECHNOLOGIES, INC. THREE RIVERS GRAY IRON","<a href='?srn=B2015'>METAL TECHNOLOGIES, INC. THREE RIVERS GRAY IRON</a>",Saint Joseph,Major ,B2015,4.0,2021-10-18
WORTHEN COATED FABRICS,<a href='?srn=P0634'>WORTHEN COATED FABRICS</a>,Kent,Major ,P0634,4.0,2023-03-01
GM LLC SAGINAW METAL CASTING OPERATIONS,<a href='?srn=B1991'>GM LLC SAGINAW METAL CASTING OPERATIONS</a>,Saginaw,Major ,B1991,4.0,2022-01-07
TEMPERFORM LLC,<a href='?srn=B7357'>TEMPERFORM LLC</a>,Oakland,Synthetic Minor ,B7357,4.0,2023-04-18
COMFORT RESEARCH,<a href='?srn=N1916'>COMFORT RESEARCH</a>,Kent,Synthetic Minor ,N1916,4.0,2022-08-02
"LEAR CORPORATION, FARWELL PLANT","<a href='?srn=B7294'>LEAR CORPORATION, FARWELL PLANT</a>",Clare,Major ,B7294,4.0,2021-04-05
DRAYTON IRON AND METAL CO,<a href='?srn=B5465'>DRAYTON IRON AND METAL CO</a>,Oakland,True Minor ,B5465,4.0,2023-08-01
VIANT MEDICAL INC.,<a href='?srn=N0795'>VIANT MEDICAL INC.</a>,Kent,True Minor ,N0795,4.0,2019-10-29
ROSEVILLE CRUSHED CONCRETE,<a href='?srn=N6658'>ROSEVILLE CRUSHED CONCRETE</a>,Macomb,True Minor ,N6658,4.0,2023-08-30
KAWASAKI MOTORS CORP USA,<a href='?srn=P0677'>KAWASAKI MOTORS CORP USA</a>,Kent,Major ,P0677,4.0,2023-07-31
INTERTAPE POLYMER GROUP,<a href='?srn=A6220'>INTERTAPE POLYMER GROUP</a>,Saint Clair,Major ,A6220,3.0,2023-07-18
CWC TEXTRON,<a href='?srn=B1909'>CWC TEXTRON</a>,Muskegon,Major ,B1909,3.0,2023-08-31
JAGUAR ENERGY - WEXFORD 10 FACILITY,<a href='?srn=B5588'>JAGUAR ENERGY - WEXFORD 10 FACILITY</a>,Wexford,Synthetic Minor ,B5588,3.0,2021-11-08
"ALUDYNE MONTAGUE, LLC","<a href='?srn=B1925'>ALUDYNE MONTAGUE, LLC</a>",Muskegon,Synthetic Minor ,B1925,3.0,2022-09-30
BAY AREA DISPOSAL,<a href='?srn=P1104'>BAY AREA DISPOSAL</a>,Benzie,True Minor ,P1104,3.0,2020-12-11
"FAURECIA INTERIOR SYSTEMS SALINE, LLC","<a href='?srn=B2063'>FAURECIA INTERIOR SYSTEMS SALINE, LLC</a>",Washtenaw,Major ,B2063,3.0,2021-10-12
MAGNUM COFFEE ROASTERY,<a href='?srn=N6798'>MAGNUM COFFEE ROASTERY</a>,Ottawa,True Minor ,N6798,3.0,2022-05-09
DTE ELECTRIC COMPANY - RENAISSANCE POWER PLANT,<a href='?srn=N6873'>DTE ELECTRIC COMPANY - RENAISSANCE POWER PLANT</a>,Montcalm,Major ,N6873,3.0,2021-02-11
TOEFCO ENGINEERED COATING SYSTEMS,<a href='?srn=N2610'>TOEFCO ENGINEERED COATING SYSTEMS</a>,Berrien,Major ,N2610,3.0,2021-02-16
INTEVA PRODUCTS ADRIAN OPERATIONS,<a href='?srn=B6027'>INTEVA PRODUCTS ADRIAN OPERATIONS</a>,Lenawee,Major ,B6027,3.0,2023-07-12
TUSCOLA ENERGY - NIXON FARMS,<a href='?srn=N1586'>TUSCOLA ENERGY - NIXON FARMS</a>,Tuscola,Synthetic Minor ,N1586,3.0,2022-03-17
CROWN GROUP SHELBY TWP PLANT,<a href='?srn=N7426'>CROWN GROUP SHELBY TWP PLANT</a>,Macomb,True Minor ,N7426,3.0,2023-03-28
"QUALITY ROASTING, LLC","<a href='?srn=P1000'>QUALITY ROASTING, LLC</a>",Tuscola,True Minor ,P1000,3.0,2023-03-30
BRENT RUN LANDFILL,<a href='?srn=N5987'>BRENT RUN LANDFILL</a>,Genesee,Major ,N5987,3.0,2023-04-05
SHELBY CABINETS,<a href='?srn=N7999'>SHELBY CABINETS</a>,Macomb,Synthetic Minor ,N7999,3.0,2023-07-28
ANR PIPELINE CO -  WOOLFOLK COMPRESSOR STATION,<a href='?srn=B7220'>ANR PIPELINE CO -  WOOLFOLK COMPRESSOR STATION</a>,Mecosta,Major ,B7220,3.0,2021-11-09
"MOD INTERIORS, INCORPORATED","<a href='?srn=N7499'>MOD INTERIORS, INCORPORATED</a>",Saint Clair,Synthetic Minor ,N7499,3.0,2023-01-31
"LAYLINE OIL & GAS, LLC- ST. A2","<a href='?srn=P1075'>LAYLINE OIL & GAS, LLC- ST. A2</a>",Clare,Synthetic Minor ,P1075,3.0,2023-08-22
"ALBAR INDUSTRIES, INC.","<a href='?srn=N0802'>ALBAR INDUSTRIES, INC.</a>",Lapeer,Major ,N0802,3.0,2022-04-05
"STATE CRUSHING, INC.-EAST","<a href='?srn=M3526'>STATE CRUSHING, INC.-EAST</a>",Macomb,True Minor ,M3526,3.0,2022-10-20
FORD MOTOR COMPANY - FLAT ROCK ASSEMBLY,<a href='?srn=N0929'>FORD MOTOR COMPANY - FLAT ROCK ASSEMBLY</a>,Wayne,Major ,N0929,3.0,2022-02-18
NEWBERRY WOOD ENTERPRISES,<a href='?srn=N3624'>NEWBERRY WOOD ENTERPRISES</a>,Luce,True Minor ,N3624,3.0,2020-10-06
BASF TODA AMERICA LLC,<a href='?srn=P0089'>BASF TODA AMERICA LLC</a>,Calhoun,True Minor ,P0089,3.0,2020-10-06
"HURON CASTING, INC (BLUE DIAMOND STEEL CASTING)","<a href='?srn=B7013'>HURON CASTING, INC (BLUE DIAMOND STEEL CASTING)</a>",Huron,Major ,B7013,3.0,2022-10-11
REEFWORKS CANADA INCORPORATED - SIMPSON T,<a href='?srn=N6235'>REEFWORKS CANADA INCORPORATED - SIMPSON T</a>,Kalkaska,Synthetic Minor ,N6235,3.0,2022-01-19
BURKE INDUSRIAL SALES INC,<a href='?srn=N6647'>BURKE INDUSRIAL SALES INC</a>,Kent,Unknown,N6647,3.0,2023-09-01
AXALTA COATING SYSTEMS USA LLC,<a href='?srn=A3569'>AXALTA COATING SYSTEMS USA LLC</a>,Macomb,Major ,A3569,3.0,2023-08-17
CAPITAL REGION AIRPORT AUTHORITY,<a href='?srn=N8035'>CAPITAL REGION AIRPORT AUTHORITY</a>,Clinton,Major ,N8035,3.0,2021-12-21
"PLASTIC TRIM INTERNATIONAL, INC.","<a href='?srn=N3592'>PLASTIC TRIM INTERNATIONAL, INC.</a>",Iosco,True Minor ,N3592,3.0,2022-05-04
KOREX CORP,<a href='?srn=B5619'>KOREX CORP</a>,Oakland,Synthetic Minor ,B5619,3.0,2023-08-02
BIEWER SAWMILL INC,<a href='?srn=N1722'>BIEWER SAWMILL INC</a>,Missaukee,Major ,N1722,3.0,2023-01-30
"SPECTRUM DECORATIVE FINISHES, INC.","<a href='?srn=N6218'>SPECTRUM DECORATIVE FINISHES, INC.</a>",Kent,True Minor ,N6218,3.0,2019-03-29
COLLISION CRAFTSMEN,<a href='?srn=N5600'>COLLISION CRAFTSMEN</a>,Macomb,Synthetic Minor ,N5600,3.0,2023-07-12
AEVITAS SPECIALTY SERVICES CORP,<a href='?srn=N7359'>AEVITAS SPECIALTY SERVICES CORP</a>,Wayne,True Minor ,N7359,3.0,2022-10-28
U S GRAPHITE  INC,<a href='?srn=B1995'>U S GRAPHITE  INC</a>,Saginaw,True Minor ,B1995,3.0,2022-08-17
CENTRAL SANITARY LANDFILL,<a href='?srn=N2804'>CENTRAL SANITARY LANDFILL</a>,Montcalm,Major ,N2804,3.0,2019-09-26
"GERKEN MATERIALS, INC - HMA PLANT 7","<a href='?srn=N7740'>GERKEN MATERIALS, INC - HMA PLANT 7</a>",Hillsdale,Synthetic Minor ,N7740,3.0,2020-05-14
THELAMCO INC,<a href='?srn=B6608'>THELAMCO INC</a>,Berrien,Synthetic Minor ,B6608,3.0,2022-06-14
"MT CRUSHMOR, LLC","<a href='?srn=P1164'>MT CRUSHMOR, LLC</a>",Genesee,True Minor ,P1164,3.0,2022-08-30
"GREAT LAKES COMPOSITE, LLC","<a href='?srn=N2430'>GREAT LAKES COMPOSITE, LLC</a>",Shiawassee,Major ,N2430,3.0,2023-09-19
MID-MICHIGAN CRUSHING & RECYCLING INC,<a href='?srn=N8316'>MID-MICHIGAN CRUSHING & RECYCLING INC</a>,Wayne,True Minor ,N8316,3.0,2022-07-21
GERDAU SPECIAL STEEL NORTH AMERICA - JACKSON MILL,<a href='?srn=B4306'>GERDAU SPECIAL STEEL NORTH AMERICA - JACKSON MILL</a>,Jackson,Major ,B4306,3.0,2019-09-25
SUPERIOR ASPHALT INC,<a href='?srn=N8295'>SUPERIOR ASPHALT INC</a>,Kent,Synthetic Minor ,N8295,3.0,2020-05-21
"RJ TORCHING, INC.","<a href='?srn=N7885'>RJ TORCHING, INC.</a>",Genesee,True Minor ,N7885,3.0,2023-09-18
"CARIBBEAN POOL & FIBERGLASS PRODUCTS, INC.","<a href='?srn=P0578'>CARIBBEAN POOL & FIBERGLASS PRODUCTS, INC.</a>",Kent,Synthetic Minor ,P0578,3.0,2020-06-11
DIVERSCO CONSTRUCTION CO INC,<a href='?srn=P0151'>DIVERSCO CONSTRUCTION CO INC</a>,Kent,True Minor ,P0151,3.0,2023-05-01
"R L ADAMS PLASTICS, INC.","<a href='?srn=N7221'>R L ADAMS PLASTICS, INC.</a>",Kent,Major ,N7221,3.0,2021-08-19
GUARDIAN INDUSTRIES-CARLETON,<a href='?srn=B1877'>GUARDIAN INDUSTRIES-CARLETON</a>,Monroe,Major ,B1877,3.0,2022-09-13
BERNE FOUNDRY LLC,<a href='?srn=A1453'>BERNE FOUNDRY LLC</a>,Huron,True Minor ,A1453,3.0,2020-02-14
MAHLE POWERTRAIN LLC,<a href='?srn=P0316'>MAHLE POWERTRAIN LLC</a>,Wayne,Synthetic Minor ,P0316,3.0,2019-06-11
VAN ELDEREN INC.,<a href='?srn=P0728'>VAN ELDEREN INC.</a>,Kalamazoo,True Minor ,P0728,3.0,2018-12-12
"DUNN PAPER, INC.","<a href='?srn=B1855'>DUNN PAPER, INC.</a>",Menominee,True Minor ,B1855,3.0,2021-05-21
GSA - FEDERAL BUILDING & PARKING GARAGE,<a href='?srn=M4803'>GSA - FEDERAL BUILDING & PARKING GARAGE</a>,Wayne,Synthetic Minor ,M4803,3.0,2021-05-07
"PINE TREE ACRES, INC.","<a href='?srn=N5984'>PINE TREE ACRES, INC.</a>",Macomb,Major ,N5984,3.0,2020-07-22
MUELLER BRASS CO.,<a href='?srn=A6262'>MUELLER BRASS CO.</a>,Saint Clair,Synthetic Minor ,A6262,3.0,2018-06-29
"HAVILAND ENTERPRISES, INC","<a href='?srn=N0878'>HAVILAND ENTERPRISES, INC</a>",Kent,Synthetic Minor ,N0878,3.0,2019-09-19
KASSON SAND AND GRAVEL,<a href='?srn=B4383'>KASSON SAND AND GRAVEL</a>,Leelanau,True Minor ,B4383,2.0,2022-07-26
"BIMBO BAKERIES USA, INC.","<a href='?srn=B4394'>BIMBO BAKERIES USA, INC.</a>",Kent,Synthetic Minor ,B4394,2.0,2022-05-04
BANDIT INDUSTRIES,<a href='?srn=N5223'>BANDIT INDUSTRIES</a>,Isabella,Synthetic Minor ,N5223,2.0,2020-01-30
MIDLAND COGENERATION VENTURE,<a href='?srn=B6527'>MIDLAND COGENERATION VENTURE</a>,Midland,Major ,B6527,2.0,2020-02-19
PLASTIC PLATE KRAFT,<a href='?srn=N7374'>PLASTIC PLATE KRAFT</a>,Kent,Major ,N7374,2.0,2020-07-23
"TOP GRADE AGGREGATES, LLC","<a href='?srn=N2399'>TOP GRADE AGGREGATES, LLC</a>",Kent,True Minor ,N2399,2.0,2022-05-04
"OAKLAND HEIGHTS DEVELOPMENT, INC.","<a href='?srn=N6008'>OAKLAND HEIGHTS DEVELOPMENT, INC.</a>",Oakland,Major ,N6008,2.0,2020-02-27
STATELINE CRUSHING,<a href='?srn=P0622'>STATELINE CRUSHING</a>,Washtenaw,True Minor ,P0622,2.0,2022-07-13
VERSO ESCANABA LLC,<a href='?srn=A0884'>VERSO ESCANABA LLC</a>,Delta,Major ,A0884,2.0,2020-09-14
AMERICAN RACK COMPANY,<a href='?srn=P0893'>AMERICAN RACK COMPANY</a>,Allegan,Synthetic Minor ,P0893,2.0,2020-03-11
VOSS INDUSTRIES-VOSS TAYLOR DIV,<a href='?srn=B3472'>VOSS INDUSTRIES-VOSS TAYLOR DIV</a>,Wayne,Synthetic Minor ,B3472,2.0,2020-01-17
FENDT BUILDER'S SUPPLY INC,<a href='?srn=F9158'>FENDT BUILDER'S SUPPLY INC</a>,Oakland,True Minor ,F9158,2.0,2020-09-23
GENE BROW AND SONS INC  #369-07,<a href='?srn=N7918'>GENE BROW AND SONS INC  #369-07</a>,Chippewa,True Minor ,N7918,2.0,2020-09-11
NBHX TRIM USA CORPORATION,<a href='?srn=N2614'>NBHX TRIM USA CORPORATION</a>,Kent,Major ,N2614,2.0,2022-06-29
CONTINENTAL ALUMINUM,<a href='?srn=N6013'>CONTINENTAL ALUMINUM</a>,Oakland,Synthetic Minor ,N6013,2.0,2020-02-06
DUNCAN AVIATION INC.,<a href='?srn=N3303'>DUNCAN AVIATION INC.</a>,Calhoun,Synthetic Minor ,N3303,2.0,2022-07-07
MAGIGLIDE INC,<a href='?srn=N7504'>MAGIGLIDE INC</a>,Iron,True Minor ,N7504,2.0,2019-01-03
FINISHING TOUCH INC,<a href='?srn=N2384'>FINISHING TOUCH INC</a>,Hillsdale,Synthetic Minor ,N2384,2.0,2022-06-02
CLANCY EXCAVATING CO,<a href='?srn=B1774'>CLANCY EXCAVATING CO</a>,Macomb,True Minor ,B1774,2.0,2022-06-10
ARISTO-COTE INC.,<a href='?srn=N6938'>ARISTO-COTE INC.</a>,Macomb,True Minor ,N6938,2.0,2019-01-10
"TOP GRADE AGGREGATES, LLC","<a href='?srn=P0684'>TOP GRADE AGGREGATES, LLC</a>",Allegan,True Minor ,P0684,2.0,2022-05-09
WOLVERINE HARDWOODS INC.,<a href='?srn=N2454'>WOLVERINE HARDWOODS INC.</a>,Allegan,Unknown,N2454,2.0,2022-06-10
CASS COUNTY ROAD COMMISSION,<a href='?srn=N1643'>CASS COUNTY ROAD COMMISSION</a>,Cass,True Minor ,N1643,2.0,2022-05-06
SUMMIT POLYMERS-VICKSBURG,<a href='?srn=N5044'>SUMMIT POLYMERS-VICKSBURG</a>,Kalamazoo,Synthetic Minor ,N5044,2.0,2022-06-10
TUSCOLA ENERGY MCPHERSON A-1-24,<a href='?srn=N7954'>TUSCOLA ENERGY MCPHERSON A-1-24</a>,Tuscola,Synthetic Minor ,N7954,2.0,2022-06-28
"MILFORD SALVAGE IRON & METAL COMPANY, INC.","<a href='?srn=P0976'>MILFORD SALVAGE IRON & METAL COMPANY, INC.</a>",Oakland,True Minor ,P0976,2.0,2018-11-29
"AMERICAN CHEMICAL SOLUTIONS, LLC","<a href='?srn=B4302'>AMERICAN CHEMICAL SOLUTIONS, LLC</a>",Muskegon,Synthetic Minor ,B4302,2.0,2022-05-20
W MICHIGAN AUTO STEEL & EN,<a href='?srn=N1112'>W MICHIGAN AUTO STEEL & EN</a>,Ionia,True Minor ,N1112,2.0,2020-07-31
SMITH CASTINGS LLC,<a href='?srn=B1582'>SMITH CASTINGS LLC</a>,Dickinson,True Minor ,B1582,2.0,2019-01-23
DT FOWLER MANUFACTURING INC.,<a href='?srn=B2507'>DT FOWLER MANUFACTURING INC.</a>,Lapeer,True Minor ,B2507,2.0,2022-07-06
CONSUMERS ENERGY - RAY COMPRESSOR STATION,<a href='?srn=B6636'>CONSUMERS ENERGY - RAY COMPRESSOR STATION</a>,Macomb,Major ,B6636,2.0,2020-08-10
SPARROW HEALTH SYSTEM,<a href='?srn=M2017'>SPARROW HEALTH SYSTEM</a>,Ingham,True Minor ,M2017,2.0,2022-05-13
CENTURION MEDICAL PRODUCTS,<a href='?srn=N5109'>CENTURION MEDICAL PRODUCTS</a>,Livingston,Synthetic Minor ,N5109,2.0,2021-04-22
"TREASURED PAL, LLC","<a href='?srn=P1131'>TREASURED PAL, LLC</a>",Macomb,True Minor ,P1131,2.0,2022-03-17
EXPERT COATING CO INC.,<a href='?srn=A2722'>EXPERT COATING CO INC.</a>,Kent,Synthetic Minor ,A2722,2.0,2021-02-18
UNIVERSAL COATING INC.,<a href='?srn=N7256'>UNIVERSAL COATING INC.</a>,Genesee,Major ,N7256,2.0,2021-08-30
WRIGHT COATING TECHNOLOGIES,<a href='?srn=N0991'>WRIGHT COATING TECHNOLOGIES</a>,Kalamazoo,Synthetic Minor ,N0991,2.0,2021-08-25
HILDEN OIL CO - HOUSE CRUDE OIL PRODUCTION FAC,<a href='?srn=N8189'>HILDEN OIL CO - HOUSE CRUDE OIL PRODUCTION FAC</a>,Isabella,True Minor ,N8189,2.0,2019-06-21
"FASTENER COATINGS, INC.","<a href='?srn=N0760'>FASTENER COATINGS, INC.</a>",Saint Joseph,Synthetic Minor ,N0760,2.0,2019-06-27
HAVELKA CONSTRUCTION,<a href='?srn=N8329'>HAVELKA CONSTRUCTION</a>,Menominee,True Minor ,N8329,2.0,2021-08-16
ALBRECHT SAND AND GRAVEL,<a href='?srn=N1656'>ALBRECHT SAND AND GRAVEL</a>,Sanilac,True Minor ,N1656,2.0,2019-07-10
GENESEE POWER STATION LIMITED PARTNERSHIP,<a href='?srn=N3570'>GENESEE POWER STATION LIMITED PARTNERSHIP</a>,Genesee,Major ,N3570,2.0,2021-08-03
MAC VALVES INC,<a href='?srn=N3254'>MAC VALVES INC</a>,Oakland,Synthetic Minor ,N3254,2.0,2021-07-30
EVOQUA WATER TECHNOLOGIES,<a href='?srn=N1228'>EVOQUA WATER TECHNOLOGIES</a>,Ottawa,Synthetic Minor ,N1228,2.0,2019-07-19
GRAYLING GENERATING STATION LTD PTNR,<a href='?srn=N2388'>GRAYLING GENERATING STATION LTD PTNR</a>,Crawford,Major ,N2388,2.0,2021-07-28
KASSOUNI MANUFACTURING INC,<a href='?srn=A1702'>KASSOUNI MANUFACTURING INC</a>,Ionia,True Minor ,A1702,2.0,2019-07-24
"CLIFF A MESSING EXC, INC.","<a href='?srn=P0679'>CLIFF A MESSING EXC, INC.</a>",Huron,True Minor ,P0679,2.0,2021-06-23
NOVARES - HOWELL,<a href='?srn=N2148'>NOVARES - HOWELL</a>,Livingston,Synthetic Minor ,N2148,2.0,2022-08-03
A & C ELECTRIC,<a href='?srn=N6908'>A & C ELECTRIC</a>,Macomb,True Minor ,N6908,2.0,2019-09-27
COASTAL CONTAINER CORP,<a href='?srn=B5453'>COASTAL CONTAINER CORP</a>,Allegan,True Minor ,B5453,2.0,2021-06-22
VENTRA FOWLERVILLE LLC,<a href='?srn=N7413'>VENTRA FOWLERVILLE LLC</a>,Livingston,Major ,N7413,2.0,2021-03-09
HAWKINS HOMESTEAD,<a href='?srn=N8053'>HAWKINS HOMESTEAD</a>,Ingham,True Minor ,N8053,2.0,2021-06-14
"STERLING PERFORMANCE, INC.","<a href='?srn=P0423'>STERLING PERFORMANCE, INC.</a>",Oakland,Synthetic Minor ,P0423,2.0,2021-06-10
CONSUMERS ENERGY D.E. KARN FACILITY,<a href='?srn=B2840'>CONSUMERS ENERGY D.E. KARN FACILITY</a>,Bay,Major ,B2840,2.0,2021-06-03
BIX FURNITURE SERVICE EAST,<a href='?srn=N0465'>BIX FURNITURE SERVICE EAST</a>,Macomb,True Minor ,N0465,2.0,2021-03-19
DANI'S TRANSPORT,<a href='?srn=P1086'>DANI'S TRANSPORT</a>,Oakland,True Minor ,P1086,2.0,2021-05-13
PLASTIC OMNIUM,<a href='?srn=P0971'>PLASTIC OMNIUM</a>,Lenawee,True Minor ,P0971,2.0,2019-08-27
PASLIN COMPANY,<a href='?srn=P0739'>PASLIN COMPANY</a>,Macomb,Synthetic Minor ,P0739,2.0,2021-03-31
"DDP SPECIALTY ELECTRONIC MATERIALS US, LLC","<a href='?srn=P1027'>DDP SPECIALTY ELECTRONIC MATERIALS US, LLC</a>",Midland,Megasite,P1027,2.0,2019-09-04
FCA US LLC - CHRYSLER TECHNOLOGY CENTER,<a href='?srn=N1436'>FCA US LLC - CHRYSLER TECHNOLOGY CENTER</a>,Oakland,Major ,N1436,2.0,2021-09-09
SC ENVIRONMENTAL SERVICES,<a href='?srn=P0951'>SC ENVIRONMENTAL SERVICES</a>,Ingham,True Minor ,P0951,2.0,2019-06-04
AMERITI MANUFACTURING COMPANY,<a href='?srn=A8892'>AMERITI MANUFACTURING COMPANY</a>,Wayne,Synthetic Minor ,A8892,2.0,2020-09-25
"KNAUF INSULATION, INC.","<a href='?srn=B7205'>KNAUF INSULATION, INC.</a>",Calhoun,Major ,B7205,2.0,2021-12-06
TOWER AUTOMOTIVE,<a href='?srn=N7871'>TOWER AUTOMOTIVE</a>,Wayne,Synthetic Minor ,N7871,2.0,2019-12-17
"SAKTHI AUTOMOTIVE GROUP USA, INC","<a href='?srn=P0380'>SAKTHI AUTOMOTIVE GROUP USA, INC</a>",Wayne,Synthetic Minor ,P0380,2.0,2019-03-04
TUSCOLA ENERGY - RICHFIELD GAS PLANT,<a href='?srn=B5462'>TUSCOLA ENERGY - RICHFIELD GAS PLANT</a>,Lapeer,Major ,B5462,2.0,2022-03-02
CORTEVA LLC,<a href='?srn=B4942'>CORTEVA LLC</a>,Huron,Major ,B4942,2.0,2022-02-24
CRAFTWOOD INDUSTRIES,<a href='?srn=N7172'>CRAFTWOOD INDUSTRIES</a>,Ottawa,True Minor ,N7172,2.0,2019-12-13
A & L IRON AND METAL INC.,<a href='?srn=N7508'>A & L IRON AND METAL INC.</a>,Otsego,True Minor ,N7508,2.0,2022-02-10
HOLCIM,<a href='?srn=B1743'>HOLCIM</a>,Monroe,True Minor ,B1743,2.0,2022-01-04
QUIKRETE-FLINT,<a href='?srn=B1945'>QUIKRETE-FLINT</a>,Oakland,Synthetic Minor ,B1945,2.0,2020-10-13
SOLUTIA INC,<a href='?srn=B2155'>SOLUTIA INC</a>,Wayne,Major ,B2155,2.0,2019-09-12
PRS MANUFACTURING CO,<a href='?srn=N1229'>PRS MANUFACTURING CO</a>,Kent,Synthetic Minor ,N1229,2.0,2021-12-16
GLWA WATER RESOURCE RECOVERY FACILITY,<a href='?srn=B2103'>GLWA WATER RESOURCE RECOVERY FACILITY</a>,Wayne,Major ,B2103,2.0,2020-11-12
WARM RAIN CORPORATION,<a href='?srn=N0544'>WARM RAIN CORPORATION</a>,Houghton,Major ,N0544,2.0,2019-03-26
VERTELLUS ZEELAND LLC,<a href='?srn=B2817'>VERTELLUS ZEELAND LLC</a>,Ottawa,Synthetic Minor ,B2817,2.0,2021-09-21
LACKS INDUSTRIES INC,<a href='?srn=N0895'>LACKS INDUSTRIES INC</a>,Kent,Major ,N0895,2.0,2021-11-10
FPT SCHLAFER LLC,<a href='?srn=N7683'>FPT SCHLAFER LLC</a>,Wayne,True Minor ,N7683,2.0,2021-11-08
POST FOODS,<a href='?srn=B1548'>POST FOODS</a>,Calhoun,Major ,B1548,2.0,2019-12-10
"MORBARK, LLC","<a href='?srn=N1701'>MORBARK, LLC</a>",Isabella,Synthetic Minor ,N1701,2.0,2019-04-11
JACKSON METAL CLEANING,<a href='?srn=P0915'>JACKSON METAL CLEANING</a>,Ingham,Synthetic Minor ,P0915,2.0,2021-10-13
FORD MOTOR CO ROUGE COMPLEX,<a href='?srn=A8648'>FORD MOTOR CO ROUGE COMPLEX</a>,Wayne,Megasite,A8648,2.0,2019-10-17
U.S. ARMY GARRISON-DETROIT ARSENAL,<a href='?srn=B2763'>U.S. ARMY GARRISON-DETROIT ARSENAL</a>,Macomb,Synthetic Minor ,B2763,2.0,2021-01-07
AKZONOBEL COATINGS INC,<a href='?srn=B4145'>AKZONOBEL COATINGS INC</a>,Oakland,Synthetic Minor ,B4145,2.0,2021-10-01
"NEW COVERT GENERATING COMPANY, LLC","<a href='?srn=N6767'>NEW COVERT GENERATING COMPANY, LLC</a>",Van Buren,Major ,N6767,2.0,2019-05-08
CENTRAL MICH CREMATORY,<a href='?srn=N6843'>CENTRAL MICH CREMATORY</a>,Ingham,True Minor ,N6843,2.0,2021-09-23
"PALMER FARMS, INC.","<a href='?srn=P0798'>PALMER FARMS, INC.</a>",Sanilac,True Minor ,P0798,2.0,2019-05-09
"ZFS ITHACA, LLC","<a href='?srn=P0788'>ZFS ITHACA, LLC</a>",Gratiot,Major ,P0788,2.0,2020-10-26
WALSWORTH PUBLISHING COMPANY (FORMERLY IPC),<a href='?srn=N1698'>WALSWORTH PUBLISHING COMPANY (FORMERLY IPC)</a>,Berrien,Synthetic Minor ,N1698,2.0,2022-06-28
SHERIDAN PUBLISHING GRAND RAPIDS,<a href='?srn=N2829'>SHERIDAN PUBLISHING GRAND RAPIDS</a>,Kent,Synthetic Minor ,N2829,2.0,2020-03-13
QUALA,<a href='?srn=N7164'>QUALA</a>,Macomb,Synthetic Minor ,N7164,2.0,2022-09-26
MIDWEST RUBBER COMPANY,<a href='?srn=A6444'>MIDWEST RUBBER COMPANY</a>,Sanilac,Synthetic Minor ,A6444,2.0,2023-01-12
SOUTHERN MICHIGAN CREMATION SERVICES R.O. INC.,<a href='?srn=P0932'>SOUTHERN MICHIGAN CREMATION SERVICES R.O. INC.</a>,Oakland,True Minor ,P0932,2.0,2023-01-06
KERRY,<a href='?srn=P0787'>KERRY</a>,Kent,True Minor ,P0787,2.0,2018-08-07
CONSUMERS ENERGY CO. - JACKSON GENERATING STATION,<a href='?srn=N6626'>CONSUMERS ENERGY CO. - JACKSON GENERATING STATION</a>,Jackson,Major ,N6626,2.0,2022-12-15
FLINT WATER POLLUTION CONTROL FACILITY,<a href='?srn=B1598'>FLINT WATER POLLUTION CONTROL FACILITY</a>,Genesee,True Minor ,B1598,2.0,2018-08-14
CENTRAL ASPHALT INC.,<a href='?srn=B1620'>CENTRAL ASPHALT INC.</a>,Isabella,Synthetic Minor ,B1620,2.0,2022-12-13
"ALTA CREMATION & SERVICES, INC.","<a href='?srn=P1145'>ALTA CREMATION & SERVICES, INC.</a>",Oakland,Unknown,P1145,2.0,2023-07-11
PIONEER METAL FINISHING - STEPHENS ROAD,<a href='?srn=N6388'>PIONEER METAL FINISHING - STEPHENS ROAD</a>,Macomb,Synthetic Minor ,N6388,2.0,2022-11-30
WEBER SAND & GRAVEL INC.-NORTH BRANCH,<a href='?srn=P0539'>WEBER SAND & GRAVEL INC.-NORTH BRANCH</a>,Lapeer,True Minor ,P0539,2.0,2023-07-12
WOLVERINE SCRAP METAL,<a href='?srn=P0920'>WOLVERINE SCRAP METAL</a>,Kent,True Minor ,P0920,2.0,2022-11-30
MOLON ASPHALT INC.,<a href='?srn=P0206'>MOLON ASPHALT INC.</a>,Benzie,Synthetic Minor ,P0206,2.0,2022-11-10
NORTHFIELD MANUFACTURING,<a href='?srn=N1019'>NORTHFIELD MANUFACTURING</a>,Wayne,True Minor ,N1019,2.0,2022-10-26
CENTURY FOUNDRY,<a href='?srn=N7714'>CENTURY FOUNDRY</a>,Muskegon,True Minor ,N7714,2.0,2023-07-21
"MICHIGAN BELL TELEPHONE COMPANY, DBA AT&T MICHIGAN","<a href='?srn=N8013'>MICHIGAN BELL TELEPHONE COMPANY, DBA AT&T MICHIGAN</a>",Oakland,Unknown,N8013,2.0,2022-10-19
DGP INC.,<a href='?srn=N2383'>DGP INC.</a>,Sanilac,Major ,N2383,2.0,2022-10-18
"FLETCHER PRECISION MACHINE PAINTING, INC.","<a href='?srn=P0790'>FLETCHER PRECISION MACHINE PAINTING, INC.</a>",Macomb,True Minor ,P0790,2.0,2022-10-10
LEADING EDGE FIBERGLASS POOL,<a href='?srn=N7982'>LEADING EDGE FIBERGLASS POOL</a>,Genesee,Synthetic Minor ,N7982,2.0,2023-08-04
SOUTH KENT LANDFILL,<a href='?srn=N1324'>SOUTH KENT LANDFILL</a>,Kent,Major ,N1324,2.0,2022-10-06
SUMMIT INDUSTRIAL COATINGS,<a href='?srn=N0931'>SUMMIT INDUSTRIAL COATINGS</a>,Berrien,True Minor ,N0931,2.0,2023-07-10
WOODLAND MEADOWS RDF,<a href='?srn=M4449'>WOODLAND MEADOWS RDF</a>,Wayne,Major ,M4449,2.0,2023-07-07
CORTEVA AGRISCIENCE LLC,<a href='?srn=P1028'>CORTEVA AGRISCIENCE LLC</a>,Midland,Megasite,P1028,2.0,2023-01-27
THERMA SEAL INC.,<a href='?srn=P1198'>THERMA SEAL INC.</a>,Macomb,Unknown,P1198,2.0,2023-01-31
RICHARD-ALLAN SCIENTIFIC,<a href='?srn=N7418'>RICHARD-ALLAN SCIENTIFIC</a>,Kalamazoo,Synthetic Minor ,N7418,2.0,2023-06-06
"CUSTOM CRUSHING & RECYCLE, INC.","<a href='?srn=P0828'>CUSTOM CRUSHING & RECYCLE, INC.</a>",Kent,True Minor ,P0828,2.0,2023-05-01
SHOOK ASPHALT CO. INC.,<a href='?srn=N7436'>SHOOK ASPHALT CO. INC.</a>,Montcalm,Synthetic Minor ,N7436,2.0,2023-05-01
CITY OF PORTLAND LIGHT AND POWER,<a href='?srn=N5352'>CITY OF PORTLAND LIGHT AND POWER</a>,Ionia,Synthetic Minor ,N5352,2.0,2023-05-02
WALTER P.  REUTHER PSYCHIATRIC HOSPITAL,<a href='?srn=M4132'>WALTER P.  REUTHER PSYCHIATRIC HOSPITAL</a>,Wayne,True Minor ,M4132,2.0,2018-05-31
"ATMOSPHERE ANNEALING, LLC","<a href='?srn=N2473'>ATMOSPHERE ANNEALING, LLC</a>",Ingham,Synthetic Minor ,N2473,2.0,2023-05-09
AXIUM GROUP LLC,<a href='?srn=A0703'>AXIUM GROUP LLC</a>,Cass,Synthetic Minor ,A0703,2.0,2018-06-29
"GENERAL FORMULATIONS, INC.","<a href='?srn=M3554'>GENERAL FORMULATIONS, INC.</a>",Kent,Synthetic Minor ,M3554,2.0,2023-05-12
FRITZ ENTERPRISES OF FLINT,<a href='?srn=N6823'>FRITZ ENTERPRISES OF FLINT</a>,Genesee,True Minor ,N6823,2.0,2023-04-10
ERVIN AMASTEEL DIVISION,<a href='?srn=B1754'>ERVIN AMASTEEL DIVISION</a>,Lenawee,Major ,B1754,2.0,2023-03-09
MACOMB COUNTY ANIMAL CONTROL,<a href='?srn=M3511'>MACOMB COUNTY ANIMAL CONTROL</a>,Macomb,True Minor ,M3511,2.0,2023-06-28
AMERICAN SEATING COMPANY,<a href='?srn=B1713'>AMERICAN SEATING COMPANY</a>,Kent,True Minor ,B1713,2.0,2018-05-02
"PHARMACIA & UPJOHN CO LLC, A SUBSIDIARY OF PFIZER","<a href='?srn=B3610'>PHARMACIA & UPJOHN CO LLC, A SUBSIDIARY OF PFIZER</a>",Kalamazoo,Megasite,B3610,2.0,2023-06-15
RIETH-RILEY CONSTRUCTION CO INC,<a href='?srn=N7415'>RIETH-RILEY CONSTRUCTION CO INC</a>,Kalamazoo,Synthetic Minor ,N7415,2.0,2023-06-22
KEEBLER CO,<a href='?srn=B4395'>KEEBLER CO</a>,Kent,Synthetic Minor ,B4395,2.0,2023-06-22
HURON TOOL & ENGINEERING,<a href='?srn=N3224'>HURON TOOL & ENGINEERING</a>,Huron,True Minor ,N3224,2.0,2018-07-19
GCI GOKOH COLDWATER INC,<a href='?srn=N5904'>GCI GOKOH COLDWATER INC</a>,Branch,Synthetic Minor ,N5904,2.0,2023-03-06
DTE GAS COMPANY - MILFORD COMPRESSOR STATION,<a href='?srn=B7221'>DTE GAS COMPANY - MILFORD COMPRESSOR STATION</a>,Oakland,Major ,B7221,2.0,2023-06-26
PREFIX CORPORATION,<a href='?srn=P0328'>PREFIX CORPORATION</a>,Oakland,Synthetic Minor ,P0328,2.0,2023-06-26
CITY OF MIDLAND UTILITIES DIVISION,<a href='?srn=N6004'>CITY OF MIDLAND UTILITIES DIVISION</a>,Midland,Major ,N6004,2.0,2022-10-03
DAPCO INDUSTRIES,<a href='?srn=N3267'>DAPCO INDUSTRIES</a>,Washtenaw,Synthetic Minor ,N3267,2.0,2023-05-01
WARREN WASTE WATER TREATMENT PLANT,<a href='?srn=B1792'>WARREN WASTE WATER TREATMENT PLANT</a>,Macomb,Major ,B1792,2.0,2018-10-11
MEG'S HAULING,<a href='?srn=P1280'>MEG'S HAULING</a>,Macomb,True Minor ,P1280,2.0,2022-08-31
EAGLE INDUSTRIES INC,<a href='?srn=N7578'>EAGLE INDUSTRIES INC</a>,Oakland,Major ,N7578,2.0,2022-09-08
TITAN CONCRETE,<a href='?srn=P1297'>TITAN CONCRETE</a>,Macomb,True Minor ,P1297,2.0,2023-01-11
SUMMIT POLYMERS PLANT 18,<a href='?srn=P0815'>SUMMIT POLYMERS PLANT 18</a>,Kalamazoo,Synthetic Minor ,P0815,2.0,2022-09-15
ARDEN SHELL TRUCKING & EXCAVATING LLC,<a href='?srn=P0146'>ARDEN SHELL TRUCKING & EXCAVATING LLC</a>,Clare,True Minor ,P0146,2.0,2022-09-22
LOCKHART CHEMICAL COMPANY,<a href='?srn=B6179'>LOCKHART CHEMICAL COMPANY</a>,Genesee,Synthetic Minor ,B6179,2.0,2022-08-18
IRON CITY ENTERPRISES,<a href='?srn=P1155'>IRON CITY ENTERPRISES</a>,Menominee,True Minor ,P1155,2.0,2022-08-12
NORTHEAST ASPHALT C28,<a href='?srn=N2657'>NORTHEAST ASPHALT C28</a>,Delta,Synthetic Minor ,N2657,2.0,2022-09-23
"QUARRYSTONE, INC. DBA  BICHLER CONCRETE & GRAVEL","<a href='?srn=D0066'>QUARRYSTONE, INC. DBA  BICHLER CONCRETE & GRAVEL</a>",Delta,True Minor ,D0066,2.0,2022-09-23
FITZGERALD FINISHING LLC,<a href='?srn=B3037'>FITZGERALD FINISHING LLC</a>,Wayne,Synthetic Minor ,B3037,2.0,2022-09-16
"STATE FABRICATORS, INC.","<a href='?srn=P0301'>STATE FABRICATORS, INC.</a>",Oakland,Synthetic Minor ,P0301,2.0,2022-08-30
"LINEAR MOTION, LLC","<a href='?srn=B3607'>LINEAR MOTION, LLC</a>",Saginaw,Synthetic Minor ,B3607,2.0,2022-09-20
ANROD SCREEN CYLINDER CO,<a href='?srn=N6671'>ANROD SCREEN CYLINDER CO</a>,Tuscola,True Minor ,N6671,1.0,2018-01-31
DOWNS INDUSTRIES,<a href='?srn=N2739'>DOWNS INDUSTRIES</a>,Van Buren,True Minor ,N2739,1.0,2018-01-29
TUSCOLA ENERGY - BOYCE B,<a href='?srn=N3228'>TUSCOLA ENERGY - BOYCE B</a>,Tuscola,Synthetic Minor ,N3228,1.0,2018-01-30
"WPI - WELDERS & PRESSES, INC.","<a href='?srn=P0885'>WPI - WELDERS & PRESSES, INC.</a>",Macomb,True Minor ,P0885,1.0,2018-01-24
"MCCOIG MATERIALS, LLC","<a href='?srn=P1030'>MCCOIG MATERIALS, LLC</a>",Wayne,True Minor ,P1030,1.0,2019-08-21
ASP PLATING COMPANY,<a href='?srn=P1108'>ASP PLATING COMPANY</a>,Ottawa,True Minor ,P1108,1.0,2020-02-19
"RIETH-RILEY CONSTRUCTION CO., INC.","<a href='?srn=N1384'>RIETH-RILEY CONSTRUCTION CO., INC.</a>",Mecosta,Synthetic Minor ,N1384,1.0,2019-09-04
"VENTRA IONIA MAIN, LLC","<a href='?srn=N0923'>VENTRA IONIA MAIN, LLC</a>",Ionia,True Minor ,N0923,1.0,2018-05-08
BAILEY SAND & GRAVEL,<a href='?srn=N8341'>BAILEY SAND & GRAVEL</a>,Jackson,True Minor ,N8341,1.0,2018-02-20
"NTVB MEDIA, INC.","<a href='?srn=N7097'>NTVB MEDIA, INC.</a>",Oakland,Synthetic Minor ,N7097,1.0,2019-09-11
"PAXTON RESOURCES, KOSHY A1-15 HD1","<a href='?srn=P0901'>PAXTON RESOURCES, KOSHY A1-15 HD1</a>",Washtenaw,True Minor ,P0901,1.0,2018-04-20
LAWRENCE INDUSTRIES INC.,<a href='?srn=N6981'>LAWRENCE INDUSTRIES INC.</a>,Kalamazoo,True Minor ,N6981,1.0,2018-02-01
GILMORE INC.,<a href='?srn=N5877'>GILMORE INC.</a>,Kent,Synthetic Minor ,N5877,1.0,2020-02-12
BARBER STEEL FOUNDRY CORPORATION,<a href='?srn=B1961'>BARBER STEEL FOUNDRY CORPORATION</a>,Oceana,Synthetic Minor ,B1961,1.0,2018-02-05
SHRADER TIRE & OIL CO,<a href='?srn=B4734'>SHRADER TIRE & OIL CO</a>,Wayne,True Minor ,B4734,1.0,2019-09-12
"CASCADE DIE CASTING GROUP, INC / MID STATE DIV","<a href='?srn=N1825'>CASCADE DIE CASTING GROUP, INC / MID STATE DIV</a>",Kent,True Minor ,N1825,1.0,2018-02-06
PAYNE & DOLAN INC  C21,<a href='?srn=N3512'>PAYNE & DOLAN INC  C21</a>,Delta,Synthetic Minor ,N3512,1.0,2019-09-17
"NORTHERN PRECISION PRODUCTS, INC.","<a href='?srn=N5521'>NORTHERN PRECISION PRODUCTS, INC.</a>",Osceola,True Minor ,N5521,1.0,2018-04-20
"ROSLER METAL FINISHING USA, LLC","<a href='?srn=N7321'>ROSLER METAL FINISHING USA, LLC</a>",Calhoun,Synthetic Minor ,N7321,1.0,2020-02-10
"RAPID LINE, INC.","<a href='?srn=P0916'>RAPID LINE, INC.</a>",Kent,True Minor ,P0916,1.0,2018-05-09
STANDING ROCK FARM,<a href='?srn=P0779'>STANDING ROCK FARM</a>,Allegan,Unknown,P0779,1.0,2018-05-17
"ZEELAND FARM SERVICES, INC.","<a href='?srn=M4204'>ZEELAND FARM SERVICES, INC.</a>",Ottawa,Major ,M4204,1.0,2018-05-09
RIFKIN SCRAP IRON AND METAL COMPANY,<a href='?srn=N0844'>RIFKIN SCRAP IRON AND METAL COMPANY</a>,Saginaw,True Minor ,N0844,1.0,2018-05-25
NORTH AMERICAN MOULDING,<a href='?srn=N7840'>NORTH AMERICAN MOULDING</a>,Cass,True Minor ,N7840,1.0,2018-01-04
AWH GRADING LLC,<a href='?srn=P0734'>AWH GRADING LLC</a>,Oakland,True Minor ,P0734,1.0,2019-07-08
RELIANCE FINISHING CO.,<a href='?srn=N3554'>RELIANCE FINISHING CO.</a>,Kent,Synthetic Minor ,N3554,1.0,2020-03-06
"ND INDUSTRIES,  INC.","<a href='?srn=N6577'>ND INDUSTRIES,  INC.</a>",Oakland,Synthetic Minor ,N6577,1.0,2019-07-15
A & R PACKING CO. INC.,<a href='?srn=P0576'>A & R PACKING CO. INC.</a>,Wayne,True Minor ,P0576,1.0,2019-07-16
"RAY'S RADIATOR CLINIC, INC.","<a href='?srn=P1048'>RAY'S RADIATOR CLINIC, INC.</a>",Macomb,True Minor ,P1048,1.0,2019-07-18
ST JOSEPH MERCY HOSPITAL,<a href='?srn=G5066'>ST JOSEPH MERCY HOSPITAL</a>,Oakland,Synthetic Minor ,G5066,1.0,2020-03-04
ROSKAM BAKING CO,<a href='?srn=P0117'>ROSKAM BAKING CO</a>,Kent,Synthetic Minor ,P0117,1.0,2018-06-06
PPI AEROSPACE,<a href='?srn=N6858'>PPI AEROSPACE</a>,Macomb,Synthetic Minor ,N6858,1.0,2018-06-05
SUPERIOR CEDAR PRODUCTS,<a href='?srn=N5111'>SUPERIOR CEDAR PRODUCTS</a>,Menominee,True Minor ,N5111,1.0,2019-07-23
DOMESTIC UNIFORM RENTAL,<a href='?srn=N7298'>DOMESTIC UNIFORM RENTAL</a>,Kalamazoo,True Minor ,N7298,1.0,2019-07-25
PYRAMID PAVING & CONTRACTING,<a href='?srn=N7271'>PYRAMID PAVING & CONTRACTING</a>,Ogemaw,Synthetic Minor ,N7271,1.0,2019-08-20
"TABLETTING, INC.","<a href='?srn=N6097'>TABLETTING, INC.</a>",Kent,True Minor ,N6097,1.0,2019-08-01
WEST MICHIGAN FLOCKING & ASSEMBLY,<a href='?srn=P0814'>WEST MICHIGAN FLOCKING & ASSEMBLY</a>,Van Buren,Synthetic Minor ,P0814,1.0,2019-08-01
ADVANCED TECHNOLOGY SERVICES,<a href='?srn=N7257'>ADVANCED TECHNOLOGY SERVICES</a>,Wayne,True Minor ,N7257,1.0,2019-08-02
"BUCKEYE TERMINALS, LLC - RIVER ROUGE TERMINAL","<a href='?srn=B2987'>BUCKEYE TERMINALS, LLC - RIVER ROUGE TERMINAL</a>",Wayne,Major ,B2987,1.0,2019-08-06
PORTLAND IRON & METAL INC,<a href='?srn=N1340'>PORTLAND IRON & METAL INC</a>,Ionia,True Minor ,N1340,1.0,2020-02-28
JACKSON TUMBLE FINISH,<a href='?srn=N5713'>JACKSON TUMBLE FINISH</a>,Jackson,True Minor ,N5713,1.0,2018-01-19
SEAVER FINISHING,<a href='?srn=N5687'>SEAVER FINISHING</a>,Ottawa,True Minor ,N5687,1.0,2018-01-24
"BOLEN ASPHALT PAVING, INC.","<a href='?srn=B4164'>BOLEN ASPHALT PAVING, INC.</a>",Ogemaw,Synthetic Minor ,B4164,1.0,2019-08-13
"ROMEO RIM, INC.","<a href='?srn=B5854'>ROMEO RIM, INC.</a>",Macomb,Major ,B5854,1.0,2018-02-08
CLINTON RIVER WRRF,<a href='?srn=B1950'>CLINTON RIVER WRRF</a>,Oakland,Synthetic Minor ,B1950,1.0,2018-01-24
FRANKLIN METALS TRADING CORPORATION,<a href='?srn=N2199'>FRANKLIN METALS TRADING CORPORATION</a>,Ionia,True Minor ,N2199,1.0,2018-04-17
OTTAWA GAGE INC,<a href='?srn=N6195'>OTTAWA GAGE INC</a>,Allegan,True Minor ,N6195,1.0,2018-04-04
ALPHA METAL FINISHING,<a href='?srn=N1119'>ALPHA METAL FINISHING</a>,Washtenaw,True Minor ,N1119,1.0,2018-04-11
FCA US LLC - DUNDEE ENGINE PLANT,<a href='?srn=N7228'>FCA US LLC - DUNDEE ENGINE PLANT</a>,Monroe,Major ,N7228,1.0,2019-09-24
VCP MICHIGAN - VIENNA 6-7,<a href='?srn=N7190'>VCP MICHIGAN - VIENNA 6-7</a>,Montmorency,Synthetic Minor ,N7190,1.0,2018-03-19
AMERESCO WOODLAND MEADOWS ROMULUS LLC,<a href='?srn=P0317'>AMERESCO WOODLAND MEADOWS ROMULUS LLC</a>,Wayne,Major ,P0317,1.0,2019-10-28
SPACERAK,<a href='?srn=N1203'>SPACERAK</a>,Sanilac,Synthetic Minor ,N1203,1.0,2018-03-08
INDUSTRIAL STEEL TREAT CO,<a href='?srn=A1864'>INDUSTRIAL STEEL TREAT CO</a>,Jackson,True Minor ,A1864,1.0,2018-03-05
"METAL TECHNOLOGIES, INC., RAVENNA DUCTILE IRON","<a href='?srn=N5866'>METAL TECHNOLOGIES, INC., RAVENNA DUCTILE IRON</a>",Muskegon,Major ,N5866,1.0,2019-11-01
TRANSCENDIA,<a href='?srn=N3083'>TRANSCENDIA</a>,Allegan,True Minor ,N3083,1.0,2020-01-21
SOUTH FLINT GRAVEL,<a href='?srn=P1085'>SOUTH FLINT GRAVEL</a>,Oakland,True Minor ,P1085,1.0,2019-11-06
LANGELAND CREMATION CENTER,<a href='?srn=P0946'>LANGELAND CREMATION CENTER</a>,Kalamazoo,True Minor ,P0946,1.0,2019-11-20
AJAX MATERIALS CORPORATION,<a href='?srn=B1956'>AJAX MATERIALS CORPORATION</a>,Oakland,Synthetic Minor ,B1956,1.0,2019-12-02
DETROIT STEEL TREATING CO,<a href='?srn=N5551'>DETROIT STEEL TREATING CO</a>,Oakland,True Minor ,N5551,1.0,2018-03-02
CASTER CONCEPTS,<a href='?srn=N5681'>CASTER CONCEPTS</a>,Jackson,Unknown,N5681,1.0,2020-01-16
MILOSCH'S PALACE COLLISION CENTER,<a href='?srn=P0733'>MILOSCH'S PALACE COLLISION CENTER</a>,Oakland,True Minor ,P0733,1.0,2018-03-02
SURREY VETERINARY CLINIC LLC,<a href='?srn=P0751'>SURREY VETERINARY CLINIC LLC</a>,Clare,True Minor ,P0751,1.0,2018-03-01
WITZENMANN USA LLC,<a href='?srn=N2479'>WITZENMANN USA LLC</a>,Oakland,True Minor ,N2479,1.0,2018-03-01
SHELLCAST INC,<a href='?srn=N0277'>SHELLCAST INC</a>,Muskegon,True Minor ,N0277,1.0,2018-02-26
"M. ARGUESO & CO., INC. (DBA PARAMELT)","<a href='?srn=N7764'>M. ARGUESO & CO., INC. (DBA PARAMELT)</a>",Muskegon,Synthetic Minor ,N7764,1.0,2019-12-17
REFRESCO BEVERAGES US INC.,<a href='?srn=A6630'>REFRESCO BEVERAGES US INC.</a>,Van Buren,True Minor ,A6630,1.0,2018-02-26
STEWART SUTHERLAND INC,<a href='?srn=N1239'>STEWART SUTHERLAND INC</a>,Kalamazoo,True Minor ,N1239,1.0,2019-12-19
FREEDOM FINISHING,<a href='?srn=N3694'>FREEDOM FINISHING</a>,Berrien,True Minor ,N3694,1.0,2020-01-10
CLASSIC METAL FINISHING,<a href='?srn=A1916'>CLASSIC METAL FINISHING</a>,Jackson,True Minor ,A1916,1.0,2018-02-23
COOPER FOUNDRY INC.,<a href='?srn=B8878'>COOPER FOUNDRY INC.</a>,Kalamazoo,True Minor ,B8878,1.0,2019-12-19
HAWORTH INC,<a href='?srn=B7186'>HAWORTH INC</a>,Allegan,Major ,B7186,1.0,2019-10-14
SHERWIN-WILLIAMS COMPANY,<a href='?srn=B7711'>SHERWIN-WILLIAMS COMPANY</a>,Allegan,Major ,B7711,1.0,2019-10-14
HIGH GRADE CONCRETE PRODUCTS,<a href='?srn=N7541'>HIGH GRADE CONCRETE PRODUCTS</a>,Oceana,True Minor ,N7541,1.0,2019-07-05
GRAND RAPIDS CHAIR COMPANY,<a href='?srn=N6791'>GRAND RAPIDS CHAIR COMPANY</a>,Kent,Synthetic Minor ,N6791,1.0,2018-03-30
QG PRINTING II LLC,<a href='?srn=N0830'>QG PRINTING II LLC</a>,Montcalm,Synthetic Minor ,N0830,1.0,2020-02-06
"SHINGLECYCLE, LLC","<a href='?srn=B7609'>SHINGLECYCLE, LLC</a>",Ingham,True Minor ,B7609,1.0,2020-02-03
PENSKE LOGISTICS,<a href='?srn=P1092'>PENSKE LOGISTICS</a>,Wayne,True Minor ,P1092,1.0,2019-12-23
MYRTLE PARK CREMATORIUM,<a href='?srn=N5839'>MYRTLE PARK CREMATORIUM</a>,Kent,True Minor ,N5839,1.0,2020-02-03
TENNECO,<a href='?srn=N2668'>TENNECO</a>,Jackson,Unknown,N2668,1.0,2019-09-26
GREAT LAKES GAS TRANSMISSION STATION #13,<a href='?srn=N3818'>GREAT LAKES GAS TRANSMISSION STATION #13</a>,Genesee,Major ,N3818,1.0,2020-01-31
CONSUMERS ENERGY - ST. CLAIR COMPRESSOR STATION,<a href='?srn=B6637'>CONSUMERS ENERGY - ST. CLAIR COMPRESSOR STATION</a>,Saint Clair,Major ,B6637,1.0,2018-04-02
MARQUETTE BOARD OF LIGHT & POWER,<a href='?srn=B1833'>MARQUETTE BOARD OF LIGHT & POWER</a>,Marquette,Major ,B1833,1.0,2018-02-09
KRO-PRO,<a href='?srn=P0906'>KRO-PRO</a>,Muskegon,True Minor ,P0906,1.0,2018-03-30
LELAND INTERNATIONAL,<a href='?srn=N7420'>LELAND INTERNATIONAL</a>,Kent,True Minor ,N7420,1.0,2019-09-27
CONSOLIDATED STRIPPING & DERUSTING,<a href='?srn=N3689'>CONSOLIDATED STRIPPING & DERUSTING</a>,Allegan,Unknown,N3689,1.0,2019-10-14
"HEARTLAND STEEL PRODUCTS, LLC","<a href='?srn=B8824'>HEARTLAND STEEL PRODUCTS, LLC</a>",Saint Clair,Synthetic Minor ,B8824,1.0,2019-10-04
"PVS TRANSPORTATION, INC.","<a href='?srn=B3427'>PVS TRANSPORTATION, INC.</a>",Wayne,True Minor ,B3427,1.0,2019-10-07
GENESEE CREMATION CENTER INC,<a href='?srn=N7552'>GENESEE CREMATION CENTER INC</a>,Genesee,True Minor ,N7552,1.0,2020-01-29
FCA US LLC - MACK AVENUE ENGINE PLANT,<a href='?srn=M4085'>FCA US LLC - MACK AVENUE ENGINE PLANT</a>,Wayne,Major ,M4085,1.0,2018-02-12
PENINSULA POWDER COATING INC,<a href='?srn=N7959'>PENINSULA POWDER COATING INC</a>,Baraga,True Minor ,N7959,1.0,2020-01-27
KREHER WIRE PROCESSING INC,<a href='?srn=N7836'>KREHER WIRE PROCESSING INC</a>,Wayne,True Minor ,N7836,1.0,2018-03-23
HENRY FORD ALLEGIANCE HEALTH,<a href='?srn=E2236'>HENRY FORD ALLEGIANCE HEALTH</a>,Jackson,Unknown,E2236,1.0,2018-03-20
OTSEGO PAPER INC,<a href='?srn=A0023'>OTSEGO PAPER INC</a>,Allegan,Major ,A0023,1.0,2019-10-09
"NGK SPARK PLUGS (U.S.A.), INC.","<a href='?srn=P1099'>NGK SPARK PLUGS (U.S.A.), INC.</a>",Oakland,Synthetic Minor ,P1099,1.0,2020-01-22
VCP MICHIGAN - BAGLEY 23,<a href='?srn=N6080'>VCP MICHIGAN - BAGLEY 23</a>,Otsego,Synthetic Minor ,N6080,1.0,2018-03-19
TUSCOLA ENERGY INC,<a href='?srn=P0199'>TUSCOLA ENERGY INC</a>,Tuscola,True Minor ,P0199,1.0,2018-11-05
AUTOLIGN MFG GROUP,<a href='?srn=N5154'>AUTOLIGN MFG GROUP</a>,Monroe,Unknown,N5154,1.0,2019-06-27
LAKELAND ASPHALT CORP,<a href='?srn=B4253'>LAKELAND ASPHALT CORP</a>,Calhoun,Synthetic Minor ,B4253,1.0,2018-08-29
W2FUEL LLC,<a href='?srn=N7927'>W2FUEL LLC</a>,Lenawee,Synthetic Minor ,N7927,1.0,2019-01-02
THE ANDERSONS READING GRAIN OPERATIONS,<a href='?srn=M3927'>THE ANDERSONS READING GRAIN OPERATIONS</a>,Hillsdale,True Minor ,M3927,1.0,2019-01-07
COATINGS PLUS,<a href='?srn=N7082'>COATINGS PLUS</a>,Kent,True Minor ,N7082,1.0,2019-01-11
SOUTHSIDE BODY SHOP INC,<a href='?srn=N8154'>SOUTHSIDE BODY SHOP INC</a>,Allegan,True Minor ,N8154,1.0,2019-01-14
BODYCOTE THERMAL PROCESSING INC.,<a href='?srn=M4558'>BODYCOTE THERMAL PROCESSING INC.</a>,Wayne,True Minor ,M4558,1.0,2019-01-15
"ST. CLAIR PACKAGING, INC.","<a href='?srn=N8239'>ST. CLAIR PACKAGING, INC.</a>",Saint Clair,True Minor ,N8239,1.0,2019-01-16
ROCK RECYCLERS,<a href='?srn=N6837'>ROCK RECYCLERS</a>,Monroe,True Minor ,N6837,1.0,2019-01-22
LEE TRANSPORTATION,<a href='?srn=P0952'>LEE TRANSPORTATION</a>,Oakland,True Minor ,P0952,1.0,2018-08-30
CURTIS METAL FINISHING CO,<a href='?srn=B6455'>CURTIS METAL FINISHING CO</a>,Macomb,Synthetic Minor ,B6455,1.0,2019-01-22
AUTUMN VALLEY CREMATORY,<a href='?srn=N1359'>AUTUMN VALLEY CREMATORY</a>,Roscommon,True Minor ,N1359,1.0,2019-01-22
ROPES COURSES INC.,<a href='?srn=P0897'>ROPES COURSES INC.</a>,Allegan,True Minor ,P0897,1.0,2019-01-22
ROPES COURSES INCORPORATED,<a href='?srn=P0254'>ROPES COURSES INCORPORATED</a>,Allegan,True Minor ,P0254,1.0,2019-01-22
"LAPEER INDUSTRIES INC., PLANT 2","<a href='?srn=N3090'>LAPEER INDUSTRIES INC., PLANT 2</a>",Lapeer,True Minor ,N3090,1.0,2019-01-24
"DAY INTERNATIONAL, INC. A FLINT GROUP COMPANY","<a href='?srn=B2014'>DAY INTERNATIONAL, INC. A FLINT GROUP COMPANY</a>",Saint Joseph,True Minor ,B2014,1.0,2018-08-29
MICHIGAN TURKEY PRODUCERS CO-OP INC.,<a href='?srn=B8704'>MICHIGAN TURKEY PRODUCERS CO-OP INC.</a>,Kent,True Minor ,B8704,1.0,2019-01-25
"ACUMENT GLOBAL TECHNOLOGIES, RING SCREW LLC","<a href='?srn=N5779'>ACUMENT GLOBAL TECHNOLOGIES, RING SCREW LLC</a>",Macomb,True Minor ,N5779,1.0,2018-08-29
RIM CUSTOM RACKS,<a href='?srn=M3847'>RIM CUSTOM RACKS</a>,Wayne,Synthetic Minor ,M3847,1.0,2019-01-29
BROOKLYN PRODUCTS INCORPORATED,<a href='?srn=N5374'>BROOKLYN PRODUCTS INCORPORATED</a>,Jackson,True Minor ,N5374,1.0,2019-02-01
BLUEBIRD ENTERPRISES,<a href='?srn=N3328'>BLUEBIRD ENTERPRISES</a>,Lapeer,True Minor ,N3328,1.0,2019-02-05
MERCURY DISPLACEMENT INDUSTRIES,<a href='?srn=N5886'>MERCURY DISPLACEMENT INDUSTRIES</a>,Cass,True Minor ,N5886,1.0,2019-02-11
UNIBAND USA,<a href='?srn=B3718'>UNIBAND USA</a>,Kent,True Minor ,B3718,1.0,2018-08-29
DAVIDSON PLYFORMS INC,<a href='?srn=B8606'>DAVIDSON PLYFORMS INC</a>,Kent,Synthetic Minor ,B8606,1.0,2019-02-13
"HAWORTH, INC. - BIG RAPIDS COMPONENTS-STEEL & WOOD","<a href='?srn=N5569'>HAWORTH, INC. - BIG RAPIDS COMPONENTS-STEEL & WOOD</a>",Mecosta,Synthetic Minor ,N5569,1.0,2019-02-13
GIBRALTAR NATIONAL CORP / QUIKRETE DETROIT,<a href='?srn=B3291'>GIBRALTAR NATIONAL CORP / QUIKRETE DETROIT</a>,Wayne,Synthetic Minor ,B3291,1.0,2019-02-14
LAYLINE OIL & GAS LLC - MARION GAS PLANT,<a href='?srn=N6160'>LAYLINE OIL & GAS LLC - MARION GAS PLANT</a>,Osceola,Synthetic Minor ,N6160,1.0,2019-02-19
SOUTHERN LITHOPLATE INC.,<a href='?srn=N1872'>SOUTHERN LITHOPLATE INC.</a>,Kent,True Minor ,N1872,1.0,2019-02-20
COMPLETE FILTRATION,<a href='?srn=N2070'>COMPLETE FILTRATION</a>,Oakland,True Minor ,N2070,1.0,2018-08-30
ABSOLUTAIRE INC,<a href='?srn=N6518'>ABSOLUTAIRE INC</a>,Kalamazoo,True Minor ,N6518,1.0,2018-12-26
TUSCOLA ENERGY - NIXON - GARNER RD  CPF,<a href='?srn=N7955'>TUSCOLA ENERGY - NIXON - GARNER RD  CPF</a>,Tuscola,True Minor ,N7955,1.0,2018-12-19
ALLIED FINISHING INC,<a href='?srn=B6196'>ALLIED FINISHING INC</a>,Kent,True Minor ,B6196,1.0,2018-09-07
"ATMOSPHERE ANNEALING, LLC LANSING BASSETT FACILITY","<a href='?srn=N0478'>ATMOSPHERE ANNEALING, LLC LANSING BASSETT FACILITY</a>",Ingham,True Minor ,N0478,1.0,2018-11-05
TRI-COUNTY CREMATION SERVICE,<a href='?srn=N1374'>TRI-COUNTY CREMATION SERVICE</a>,Washtenaw,True Minor ,N1374,1.0,2018-10-30
DMC SINAI GRACE HOSPITAL,<a href='?srn=K1276'>DMC SINAI GRACE HOSPITAL</a>,Wayne,Synthetic Minor ,K1276,1.0,2018-11-05
CENTRAL MICHIGAN CREMATORY,<a href='?srn=N5686'>CENTRAL MICHIGAN CREMATORY</a>,Calhoun,True Minor ,N5686,1.0,2018-11-07
WHISPERING PINES PET CEMETERY AND CREMATORY,<a href='?srn=P0776'>WHISPERING PINES PET CEMETERY AND CREMATORY</a>,Washtenaw,Unknown,P0776,1.0,2018-10-17
GEOCYCLE LLC,<a href='?srn=N8267'>GEOCYCLE LLC</a>,Muskegon,True Minor ,N8267,1.0,2018-11-09
GLOBAL ENTERPRISES,<a href='?srn=A3037'>GLOBAL ENTERPRISES</a>,Macomb,Synthetic Minor ,A3037,1.0,2018-10-16
"AWREY BAKERIES, INC.","<a href='?srn=B4569'>AWREY BAKERIES, INC.</a>",Wayne,Synthetic Minor ,B4569,1.0,2018-10-12
"LAPEER PLATING & PLASTICS, INC.","<a href='?srn=N1863'>LAPEER PLATING & PLASTICS, INC.</a>",Lapeer,Synthetic Minor ,N1863,1.0,2018-11-15
LYONS INDUSTRIES,<a href='?srn=N5599'>LYONS INDUSTRIES</a>,Cass,Major ,N5599,1.0,2018-11-16
CASTING SERVICES GROUP,<a href='?srn=P0332'>CASTING SERVICES GROUP</a>,Menominee,True Minor ,P0332,1.0,2018-10-12
CONDAT CORP,<a href='?srn=P0107'>CONDAT CORP</a>,Washtenaw,True Minor ,P0107,1.0,2018-11-29
"HARBISONWALKER INTERNATIONAL, INC.","<a href='?srn=B5777'>HARBISONWALKER INTERNATIONAL, INC.</a>",Newaygo,True Minor ,B5777,1.0,2018-10-04
NORTH KENT SEWER AUTHORITY,<a href='?srn=N7940'>NORTH KENT SEWER AUTHORITY</a>,Kent,True Minor ,N7940,1.0,2018-10-02
SPECTRUM HEALTH BLODGETT CAMPUS,<a href='?srn=E6807'>SPECTRUM HEALTH BLODGETT CAMPUS</a>,Kent,Synthetic Minor ,E6807,1.0,2018-10-02
ADMIRAL METALS,<a href='?srn=P0969'>ADMIRAL METALS</a>,Macomb,True Minor ,P0969,1.0,2018-09-28
DOUG'S TREE AND LAWN CARE,<a href='?srn=P1117'>DOUG'S TREE AND LAWN CARE</a>,Oakland,True Minor ,P1117,1.0,2020-03-16
CENTRAL CONVEYOR,<a href='?srn=P0982'>CENTRAL CONVEYOR</a>,Oakland,Synthetic Minor ,P0982,1.0,2018-12-07
NEENAH PAPER - MICHIGAN INC,<a href='?srn=B1470'>NEENAH PAPER - MICHIGAN INC</a>,Alger,Major ,B1470,1.0,2018-09-19
LG ENERGY SOLUTION MICHIGAN INC.,<a href='?srn=P0087'>LG ENERGY SOLUTION MICHIGAN INC.</a>,Allegan,True Minor ,P0087,1.0,2018-09-18
WORLD CLASS EQUIPMENT COMPANY,<a href='?srn=P0761'>WORLD CLASS EQUIPMENT COMPANY</a>,Macomb,True Minor ,P0761,1.0,2018-09-18
HOSPITAL NETWORK INC,<a href='?srn=N7127'>HOSPITAL NETWORK INC</a>,Kalamazoo,True Minor ,N7127,1.0,2018-09-13
SACKRIDER CONSTRUCTION SERVICES LLC,<a href='?srn=N7054'>SACKRIDER CONSTRUCTION SERVICES LLC</a>,Emmet,True Minor ,N7054,1.0,2018-09-11
"HERMAN MILLER, INC","<a href='?srn=B6001'>HERMAN MILLER, INC</a>",Ottawa,Synthetic Minor ,B6001,1.0,2018-09-11
"MORGAN OLSON, LLC","<a href='?srn=N0879'>MORGAN OLSON, LLC</a>",Saint Joseph,Major ,N0879,1.0,2018-12-12
VAN ELDEREN INC,<a href='?srn=N5140'>VAN ELDEREN INC</a>,Allegan,True Minor ,N5140,1.0,2019-02-22
PHOENIX CREMATION SERVICES,<a href='?srn=N7554'>PHOENIX CREMATION SERVICES</a>,Muskegon,True Minor ,N7554,1.0,2019-02-26
MARTIN PRODUCTS CO,<a href='?srn=N1152'>MARTIN PRODUCTS CO</a>,Saint Joseph,True Minor ,N1152,1.0,2018-06-06
MONROE CO ANIMAL CONTROL,<a href='?srn=N6543'>MONROE CO ANIMAL CONTROL</a>,Monroe,True Minor ,N6543,1.0,2019-06-05
LECO CORP,<a href='?srn=A0394'>LECO CORP</a>,Berrien,True Minor ,A0394,1.0,2019-05-02
RAINBOW BRIDGE,<a href='?srn=N7158'>RAINBOW BRIDGE</a>,Ingham,True Minor ,N7158,1.0,2019-05-02
CARL SCHLEGEL INC,<a href='?srn=P0290'>CARL SCHLEGEL INC</a>,Clinton,True Minor ,P0290,1.0,2018-07-17
RIVORE METALS,<a href='?srn=P1017'>RIVORE METALS</a>,Oakland,True Minor ,P1017,1.0,2019-05-03
"LES MILLER & SONS AGGREGATES, INC.","<a href='?srn=N7361'>LES MILLER & SONS AGGREGATES, INC.</a>",Clinton,True Minor ,N7361,1.0,2018-07-17
MESSINA TRUCKING INC,<a href='?srn=N2613'>MESSINA TRUCKING INC</a>,Macomb,True Minor ,N2613,1.0,2019-05-08
UFP TECHNOLOGIES,<a href='?srn=A2416'>UFP TECHNOLOGIES</a>,Kent,Synthetic Minor ,A2416,1.0,2018-07-11
"LAKELAND MILLS, INC.","<a href='?srn=N7347'>LAKELAND MILLS, INC.</a>",Montcalm,True Minor ,N7347,1.0,2019-05-17
SRS FIBERGLASS PRODUCTS,<a href='?srn=A4298'>SRS FIBERGLASS PRODUCTS</a>,Muskegon,True Minor ,A4298,1.0,2019-05-20
COBRA - STATE MARION & RIVERSIDE 14-36,<a href='?srn=P0562'>COBRA - STATE MARION & RIVERSIDE 14-36</a>,Missaukee,True Minor ,P0562,1.0,2019-05-31
L PERRIGO CO,<a href='?srn=B7276'>L PERRIGO CO</a>,Allegan,True Minor ,B7276,1.0,2018-06-26
TUSCOLA ENERGY INC - WALAT 6-11,<a href='?srn=P0202'>TUSCOLA ENERGY INC - WALAT 6-11</a>,Tuscola,True Minor ,P0202,1.0,2018-11-05
"ACTEX, INC.","<a href='?srn=N1650'>ACTEX, INC.</a>",Oakland,True Minor ,N1650,1.0,2019-06-05
INDUCTOHEAT INC.,<a href='?srn=A5159'>INDUCTOHEAT INC.</a>,Oakland,True Minor ,A5159,1.0,2019-02-27
TRMI,<a href='?srn=N2354'>TRMI</a>,Calhoun,Synthetic Minor ,N2354,1.0,2019-06-06
PIONEER CABINETRY INC,<a href='?srn=N2664'>PIONEER CABINETRY INC</a>,Genesee,Synthetic Minor ,N2664,1.0,2019-06-07
UNIVERSITY MI DEARBORN,<a href='?srn=K5375'>UNIVERSITY MI DEARBORN</a>,Wayne,Synthetic Minor ,K5375,1.0,2018-06-21
"NORTRU, LLC","<a href='?srn=N0731'>NORTRU, LLC</a>",Wayne,Synthetic Minor ,N0731,1.0,2019-06-11
GEORGIA PACIFIC CHEMICALS LLC,<a href='?srn=N1237'>GEORGIA PACIFIC CHEMICALS LLC</a>,Crawford,Synthetic Minor ,N1237,1.0,2018-06-20
INTERNATIONAL MASTERTAG,<a href='?srn=N3079'>INTERNATIONAL MASTERTAG</a>,Muskegon,True Minor ,N3079,1.0,2019-06-11
AMCANE SUGAR LLC,<a href='?srn=M4732'>AMCANE SUGAR LLC</a>,Wayne,True Minor ,M4732,1.0,2019-06-18
THE L J GASCHO FURNITURE CO,<a href='?srn=N4989'>THE L J GASCHO FURNITURE CO</a>,Huron,Synthetic Minor ,N4989,1.0,2019-06-19
LEXAMAR CORPORATION,<a href='?srn=N2812'>LEXAMAR CORPORATION</a>,Charlevoix,Major ,N2812,1.0,2018-06-18
"WOLVERINE TRAILERS, INC.","<a href='?srn=P0927'>WOLVERINE TRAILERS, INC.</a>",Jackson,True Minor ,P0927,1.0,2018-06-13
"BANKS HARDWOODS, INC.","<a href='?srn=N2206'>BANKS HARDWOODS, INC.</a>",Saint Joseph,Synthetic Minor ,N2206,1.0,2018-06-06
MICHIGAN WOOD FUELS LLC,<a href='?srn=N7729'>MICHIGAN WOOD FUELS LLC</a>,Allegan,Synthetic Minor ,N7729,1.0,2019-06-21
"ASAMA COLDWATER MANUFACTURING, INC.","<a href='?srn=N5814'>ASAMA COLDWATER MANUFACTURING, INC.</a>",Branch,Major ,N5814,1.0,2019-05-01
SIGNATURE CABINETRY AND MILLWORK,<a href='?srn=N5962'>SIGNATURE CABINETRY AND MILLWORK</a>,Allegan,True Minor ,N5962,1.0,2019-04-27
J. H. CAMPBELL PLANT,<a href='?srn=B2835'>J. H. CAMPBELL PLANT</a>,Ottawa,Major ,B2835,1.0,2019-04-25
ADVANCED ARCHITECTUAL PRODUCTS,<a href='?srn=P0686'>ADVANCED ARCHITECTUAL PRODUCTS</a>,Allegan,Synthetic Minor ,P0686,1.0,2019-04-22
YEAGER PAVING MATERIALS LLC,<a href='?srn=P0443'>YEAGER PAVING MATERIALS LLC</a>,Saginaw,Synthetic Minor ,P0443,1.0,2018-08-29
FFT COMPOSITES,<a href='?srn=P0887'>FFT COMPOSITES</a>,Saint Joseph,Synthetic Minor ,P0887,1.0,2019-03-12
OUR DAILY BREAD MINISTRIES,<a href='?srn=P1003'>OUR DAILY BREAD MINISTRIES</a>,Kent,True Minor ,P1003,1.0,2019-03-22
"JVISFH, LLC","<a href='?srn=P0293'>JVISFH, LLC</a>",Oakland,Synthetic Minor ,P0293,1.0,2019-03-22
LAFATA ENTERPRISES INC.,<a href='?srn=B7625'>LAFATA ENTERPRISES INC.</a>,Macomb,Major ,B7625,1.0,2019-03-25
MORSE HEMCO INC,<a href='?srn=A5948'>MORSE HEMCO INC</a>,Ottawa,True Minor ,A5948,1.0,2018-08-24
"KENT QUALITY FOODS, INC.","<a href='?srn=E4842'>KENT QUALITY FOODS, INC.</a>",Kent,True Minor ,E4842,1.0,2018-08-21
ELECTRO CHEMICAL FINISHING,<a href='?srn=N6520'>ELECTRO CHEMICAL FINISHING</a>,Kent,True Minor ,N6520,1.0,2018-08-15
CLOVERLAND ELECTRIC COOPERATIVE - DAFTER,<a href='?srn=B6107'>CLOVERLAND ELECTRIC COOPERATIVE - DAFTER</a>,Chippewa,Synthetic Minor ,B6107,1.0,2019-03-26
CLOVERLAND ELECTRIC - MANISTIQUE DIESEL PEAKERS,<a href='?srn=N8304'>CLOVERLAND ELECTRIC - MANISTIQUE DIESEL PEAKERS</a>,Schoolcraft,Synthetic Minor ,N8304,1.0,2019-03-26
HOLCIM (US) INC. D/B/A LAFARGE ZILWAUKEE TERMINAL,<a href='?srn=N5746'>HOLCIM (US) INC. D/B/A LAFARGE ZILWAUKEE TERMINAL</a>,Saginaw,True Minor ,N5746,1.0,2018-08-10
HEARTHSIDE FOOD SOLUTIONS,<a href='?srn=N8270'>HEARTHSIDE FOOD SOLUTIONS</a>,Kent,Synthetic Minor ,N8270,1.0,2018-08-09
CLOVERLAND ELECTRIC COOPERATIVE - DETOUR,<a href='?srn=B6106'>CLOVERLAND ELECTRIC COOPERATIVE - DETOUR</a>,Chippewa,Synthetic Minor ,B6106,1.0,2019-03-26
SAVOY ENERGY LP,<a href='?srn=N7310'>SAVOY ENERGY LP</a>,Newaygo,True Minor ,N7310,1.0,2018-08-02
FOWLER'S FARM-CITY SALES,<a href='?srn=P0528'>FOWLER'S FARM-CITY SALES</a>,Gratiot,True Minor ,P0528,1.0,2019-03-26
CARDINAL AGGREGATES,<a href='?srn=P0167'>CARDINAL AGGREGATES</a>,Washtenaw,True Minor ,P0167,1.0,2018-08-02
KRAKEN CRUSHED CONCRETE & RECYLING - NORTHVILLE,<a href='?srn=P0358'>KRAKEN CRUSHED CONCRETE & RECYLING - NORTHVILLE</a>,Washtenaw,True Minor ,P0358,1.0,2018-08-02
"HMI HARDWOODS OF MICHIGAN, INC.","<a href='?srn=N0786'>HMI HARDWOODS OF MICHIGAN, INC.</a>",Lenawee,True Minor ,N0786,1.0,2018-08-01
JELD-WEN INTERIOR DOOR - GRAND RAPIDS,<a href='?srn=B8603'>JELD-WEN INTERIOR DOOR - GRAND RAPIDS</a>,Kent,Synthetic Minor ,B8603,1.0,2019-03-29
"CHRISTENSEN FIBERGLASS, LLC","<a href='?srn=N5883'>CHRISTENSEN FIBERGLASS, LLC</a>",Ottawa,True Minor ,N5883,1.0,2018-07-26
GERBER COLLISION AND GLASS,<a href='?srn=M3663'>GERBER COLLISION AND GLASS</a>,Macomb,True Minor ,M3663,1.0,2019-04-11
"HOLLAND BPW, 48TH STREET PEAKING STATION","<a href='?srn=N2586'>HOLLAND BPW, 48TH STREET PEAKING STATION</a>",Allegan,Major ,N2586,1.0,2018-07-25
WELCH FOODS INC,<a href='?srn=N1461'>WELCH FOODS INC</a>,Van Buren,Synthetic Minor ,N1461,1.0,2018-07-23
HEAT TREATING SERVICES CORP - PLANT 3,<a href='?srn=N6726'>HEAT TREATING SERVICES CORP - PLANT 3</a>,Oakland,True Minor ,N6726,1.0,2018-07-18
KENDRICK PLASTICS,<a href='?srn=N1786'>KENDRICK PLASTICS</a>,Kent,Synthetic Minor ,N1786,1.0,2019-04-12
PORT CITY ARCHITECTURAL SIGNAGE,<a href='?srn=P0542'>PORT CITY ARCHITECTURAL SIGNAGE</a>,Muskegon,True Minor ,P0542,1.0,2019-06-05
"MAYZIE, INC. DBA PET PASSAGES","<a href='?srn=P1112'>MAYZIE, INC. DBA PET PASSAGES</a>",Oakland,True Minor ,P1112,1.0,2021-08-10
PIONEER METAL FINISHING INDUSTRIAL HWY,<a href='?srn=N5747'>PIONEER METAL FINISHING INDUSTRIAL HWY</a>,Macomb,Synthetic Minor ,N5747,1.0,2020-03-17
"VERRETTE MATERIALS, INC","<a href='?srn=P0950'>VERRETTE MATERIALS, INC</a>",Menominee,True Minor ,P0950,1.0,2022-09-14
NORTHLAND CASTINGS CORP,<a href='?srn=N6310'>NORTHLAND CASTINGS CORP</a>,Oceana,True Minor ,N6310,1.0,2022-08-12
KRAUSE VETERINARY CLINIC,<a href='?srn=P1160'>KRAUSE VETERINARY CLINIC</a>,Macomb,Unknown,P1160,1.0,2022-08-16
BERNIER CAST METAL INC,<a href='?srn=N5324'>BERNIER CAST METAL INC</a>,Saginaw,True Minor ,N5324,1.0,2022-08-16
EDW C LEVY CO PLANT 3,<a href='?srn=B4364'>EDW C LEVY CO PLANT 3</a>,Wayne,Major ,B4364,1.0,2022-08-17
"STEALTHCRAFT BOATS, LLC","<a href='?srn=P1202'>STEALTHCRAFT BOATS, LLC</a>",Lake,True Minor ,P1202,1.0,2022-08-22
PLASTI PAINT INC,<a href='?srn=N2422'>PLASTI PAINT INC</a>,Gratiot,Synthetic Minor ,N2422,1.0,2022-08-23
"BURNASH WRECKING, INC.","<a href='?srn=P1148'>BURNASH WRECKING, INC.</a>",Genesee,True Minor ,P1148,1.0,2022-08-23
B & L PLATING,<a href='?srn=N0058'>B & L PLATING</a>,Macomb,True Minor ,N0058,1.0,2022-08-24
PITSCH SANITARY LANDFILL,<a href='?srn=N5619'>PITSCH SANITARY LANDFILL</a>,Ionia,Major ,N5619,1.0,2022-08-26
NYLOK LLC,<a href='?srn=N5656'>NYLOK LLC</a>,Macomb,Major ,N5656,1.0,2022-08-29
S. M. SERVICES / FAITHFUL COMPANION MEMORIALS.,<a href='?srn=N5753'>S. M. SERVICES / FAITHFUL COMPANION MEMORIALS.</a>,Oakland,True Minor ,N5753,1.0,2022-08-31
"IAC MENDON, LLC","<a href='?srn=A6352'>IAC MENDON, LLC</a>",Saint Joseph,Synthetic Minor ,A6352,1.0,2022-09-01
BESSEMER PLYWOOD CORP,<a href='?srn=N1393'>BESSEMER PLYWOOD CORP</a>,Gogebic,True Minor ,N1393,1.0,2022-09-06
"ELMER'S CRANE & DOZER, INC.","<a href='?srn=P1068'>ELMER'S CRANE & DOZER, INC.</a>",Grand Traverse,True Minor ,P1068,1.0,2022-09-13
GENERAL MOTORS LLC - MILFORD PROVING GROUND,<a href='?srn=A5262'>GENERAL MOTORS LLC - MILFORD PROVING GROUND</a>,Oakland,Major ,A5262,1.0,2022-09-19
INDUSTRIAL STRIPPING SERVICE,<a href='?srn=N6442'>INDUSTRIAL STRIPPING SERVICE</a>,Kent,True Minor ,N6442,1.0,2022-05-04
"FOAMPARTNER AMERICAS, INC.(FORMERLY OTTO BOCK)","<a href='?srn=P0583'>FOAMPARTNER AMERICAS, INC.(FORMERLY OTTO BOCK)</a>",Oakland,Synthetic Minor ,P0583,1.0,2022-09-28
"CUSTOM CRUSHING & RECYCLE, INC.","<a href='?srn=N6861'>CUSTOM CRUSHING & RECYCLE, INC.</a>",Kent,True Minor ,N6861,1.0,2022-10-04
PAR STERILE PRODUCTS LLC,<a href='?srn=B2329'>PAR STERILE PRODUCTS LLC</a>,Oakland,Synthetic Minor ,B2329,1.0,2022-10-06
GALLAGHER-KAISER CORP,<a href='?srn=M4573'>GALLAGHER-KAISER CORP</a>,Wayne,Unknown,M4573,1.0,2022-10-19
GRAYMONT WESTERN LIME INC,<a href='?srn=N7362'>GRAYMONT WESTERN LIME INC</a>,Schoolcraft,Major ,N7362,1.0,2022-10-24
GAVILON GRAIN LLC,<a href='?srn=B7117'>GAVILON GRAIN LLC</a>,Saginaw,True Minor ,B7117,1.0,2022-11-16
ALLIED MECHANICAL SERVICES,<a href='?srn=A2158'>ALLIED MECHANICAL SERVICES</a>,Kalamazoo,True Minor ,A2158,1.0,2022-12-02
WOODWORTH INC. HOMER,<a href='?srn=P0547'>WOODWORTH INC. HOMER</a>,Calhoun,Unknown,P0547,1.0,2022-12-08
TRINSEO LLC,<a href='?srn=P1025'>TRINSEO LLC</a>,Midland,Megasite,P1025,1.0,2022-12-13
IMBRANDED,<a href='?srn=N2528'>IMBRANDED</a>,Oakland,True Minor ,N2528,1.0,2022-12-14
CONSUMERS ENERGY - MUSKEGON RIVER COMPRESSOR STAT,<a href='?srn=N2901'>CONSUMERS ENERGY - MUSKEGON RIVER COMPRESSOR STAT</a>,Clare,Major ,N2901,1.0,2022-12-15
"ACCESS BUSINESS GROUP, LLC","<a href='?srn=A2402'>ACCESS BUSINESS GROUP, LLC</a>",Kent,Synthetic Minor ,A2402,1.0,2022-12-21
"FAITHFUL COMPANION MEMORIALS, INC.","<a href='?srn=P1245'>FAITHFUL COMPANION MEMORIALS, INC.</a>",Oakland,Unknown,P1245,1.0,2023-01-06
ARVRON INC,<a href='?srn=N5296'>ARVRON INC</a>,Kent,Synthetic Minor ,N5296,1.0,2023-01-13
"ELMER'S CRAN AND DOZER, INC.","<a href='?srn=P1196'>ELMER'S CRAN AND DOZER, INC.</a>",Grand Traverse,Unknown,P1196,1.0,2022-08-12
HUDSONVILLE CREAMERY,<a href='?srn=N2499'>HUDSONVILLE CREAMERY</a>,Allegan,Unknown,N2499,1.0,2022-08-11
HOLLAND ALLOYS INC,<a href='?srn=N6933'>HOLLAND ALLOYS INC</a>,Ottawa,True Minor ,N6933,1.0,2022-08-10
TRENDWAY CORPORATION,<a href='?srn=B7098'>TRENDWAY CORPORATION</a>,Ottawa,Synthetic Minor ,B7098,1.0,2022-08-05
AISIN TECHNICAL CENTER OF AMERICA INC.,<a href='?srn=N8232'>AISIN TECHNICAL CENTER OF AMERICA INC.</a>,Washtenaw,Synthetic Minor ,N8232,1.0,2022-05-04
"VICINITY ENERGY GRAND RAPIDS, LLC","<a href='?srn=B2838'>VICINITY ENERGY GRAND RAPIDS, LLC</a>",Kent,Major ,B2838,1.0,2022-05-05
"CARGILL, INC.","<a href='?srn=M3654'>CARGILL, INC.</a>",Van Buren,True Minor ,M3654,1.0,2022-05-06
"COLDWATER VENEER, INC.","<a href='?srn=B6620'>COLDWATER VENEER, INC.</a>",Branch,True Minor ,B6620,1.0,2022-05-06
EAB FABRICATION,<a href='?srn=A0556'>EAB FABRICATION</a>,Branch,Unknown,A0556,1.0,2022-05-06
SUPERIOR FABRICATION LLC,<a href='?srn=N5588'>SUPERIOR FABRICATION LLC</a>,Chippewa,True Minor ,N5588,1.0,2022-05-06
ANDREWS UNIVERSITY,<a href='?srn=C5728'>ANDREWS UNIVERSITY</a>,Berrien,True Minor ,C5728,1.0,2022-05-09
KELLOGG USA INC.,<a href='?srn=A0563'>KELLOGG USA INC.</a>,Calhoun,Synthetic Minor ,A0563,1.0,2022-05-09
TENNECO AUTOMOTIVE- MARSHALL,<a href='?srn=N3111'>TENNECO AUTOMOTIVE- MARSHALL</a>,Calhoun,Synthetic Minor ,N3111,1.0,2022-05-09
MONTAGUE METAL PRODUCTS,<a href='?srn=P1272'>MONTAGUE METAL PRODUCTS</a>,Muskegon,Unknown,P1272,1.0,2022-05-10
FLAT ROCK METAL INC,<a href='?srn=M4768'>FLAT ROCK METAL INC</a>,Wayne,Synthetic Minor ,M4768,1.0,2022-05-11
"TPI PETROLEUM, INC. ROOSEVELT SITE","<a href='?srn=N6624'>TPI PETROLEUM, INC. ROOSEVELT SITE</a>",Isabella,True Minor ,N6624,1.0,2022-05-12
GREAT LAKES WATER AUTHORITY - SOUTHWEST PLANT,<a href='?srn=K5497'>GREAT LAKES WATER AUTHORITY - SOUTHWEST PLANT</a>,Wayne,Synthetic Minor ,K5497,1.0,2022-05-13
TENIBAC-GRAPHION INC,<a href='?srn=P1195'>TENIBAC-GRAPHION INC</a>,Macomb,Unknown,P1195,1.0,2022-05-13
CONTOUR DEVELOPMENT LLC,<a href='?srn=P1247'>CONTOUR DEVELOPMENT LLC</a>,Oakland,True Minor ,P1247,1.0,2022-05-16
TUSCOLA ENERGY INC,<a href='?srn=P0142'>TUSCOLA ENERGY INC</a>,Tuscola,True Minor ,P0142,1.0,2022-05-17
VIENNA JUNCTION LANDFILL,<a href='?srn=N2689'>VIENNA JUNCTION LANDFILL</a>,Monroe,Major ,N2689,1.0,2022-06-03
GMI CLINTON,<a href='?srn=N3631'>GMI CLINTON</a>,Washtenaw,True Minor ,N3631,1.0,2022-06-07
MCLAREN OAKLAND,<a href='?srn=M1968'>MCLAREN OAKLAND</a>,Oakland,Synthetic Minor ,M1968,1.0,2022-06-08
FERROUS PROCESSING & TRADING CO,<a href='?srn=P1270'>FERROUS PROCESSING & TRADING CO</a>,Wayne,True Minor ,P1270,1.0,2022-06-08
GRAND HAVEN POWDER COATING,<a href='?srn=P0212'>GRAND HAVEN POWDER COATING</a>,Ottawa,True Minor ,P0212,1.0,2022-06-21
TUSCOLA ENERGY INC. - MOWERY & BERNIA #1,<a href='?srn=N8276'>TUSCOLA ENERGY INC. - MOWERY & BERNIA #1</a>,Tuscola,True Minor ,N8276,1.0,2022-06-28
"NEXEO SOLUTIONS, LLC (DBA UNIVAR SOLUTIONS USA)","<a href='?srn=B5627'>NEXEO SOLUTIONS, LLC (DBA UNIVAR SOLUTIONS USA)</a>",Ingham,Synthetic Minor ,B5627,1.0,2022-07-14
"THE DOW CHEMICAL COMPANY U.S.A., MIDLAND","<a href='?srn=A4033'>THE DOW CHEMICAL COMPANY U.S.A., MIDLAND</a>",Midland,Megasite,A4033,1.0,2022-07-18
MASTER FINISH COMPANY,<a href='?srn=N5898'>MASTER FINISH COMPANY</a>,Kent,True Minor ,N5898,1.0,2022-07-19
UNITED STATES GYPSUM CO,<a href='?srn=B3518'>UNITED STATES GYPSUM CO</a>,Wayne,Major ,B3518,1.0,2022-07-27
STEELTECH LTD,<a href='?srn=B5236'>STEELTECH LTD</a>,Kent,True Minor ,B5236,1.0,2022-07-28
NU-WOOL COMPANY INC,<a href='?srn=N7509'>NU-WOOL COMPANY INC</a>,Ottawa,True Minor ,N7509,1.0,2022-08-02
CELLULOSE MATERIAL SOLUTIONS,<a href='?srn=N7756'>CELLULOSE MATERIAL SOLUTIONS</a>,Ottawa,True Minor ,N7756,1.0,2022-08-02
ALTER TRADING CORPORATION,<a href='?srn=N3753'>ALTER TRADING CORPORATION</a>,Dickinson,True Minor ,N3753,1.0,2023-01-19
ALEDA E LUTZ VA MEDICAL,<a href='?srn=K2899'>ALEDA E LUTZ VA MEDICAL</a>,Saginaw,True Minor ,K2899,1.0,2023-01-30
PLASTATECH ENGINEERING LTD,<a href='?srn=N1749'>PLASTATECH ENGINEERING LTD</a>,Saginaw,Synthetic Minor ,N1749,1.0,2023-02-07
UNILOCK INC,<a href='?srn=N7621'>UNILOCK INC</a>,Livingston,True Minor ,N7621,1.0,2023-07-10
EASTERN MI UNIVERSITY,<a href='?srn=H5877'>EASTERN MI UNIVERSITY</a>,Washtenaw,Synthetic Minor ,H5877,1.0,2023-07-11
RAPID PACKAGING CORP,<a href='?srn=P0118'>RAPID PACKAGING CORP</a>,Kent,True Minor ,P0118,1.0,2023-07-12
COFFEE BEANERY LTD,<a href='?srn=N2491'>COFFEE BEANERY LTD</a>,Genesee,True Minor ,N2491,1.0,2023-07-13
"DETROIT WILBERT CREMATION SERVICES EAST, LLC","<a href='?srn=N7548'>DETROIT WILBERT CREMATION SERVICES EAST, LLC</a>",Macomb,True Minor ,N7548,1.0,2023-07-17
"ADVANCE PLATING & FINISHING, INC.","<a href='?srn=A2575'>ADVANCE PLATING & FINISHING, INC.</a>",Kent,True Minor ,A2575,1.0,2023-07-18
CENTURY FOUNDRY INC,<a href='?srn=N7027'>CENTURY FOUNDRY INC</a>,Muskegon,True Minor ,N7027,1.0,2023-07-21
"CARMEUSE LIME INC,  RIVER ROUGE OPERATION","<a href='?srn=B2169'>CARMEUSE LIME INC,  RIVER ROUGE OPERATION</a>",Wayne,Major ,B2169,1.0,2023-07-27
MERIDIAN BRICK,<a href='?srn=A6497'>MERIDIAN BRICK</a>,Shiawassee,Major ,A6497,1.0,2023-07-28
KALAMAZOO METAL RECYCLERS,<a href='?srn=N1373'>KALAMAZOO METAL RECYCLERS</a>,Kalamazoo,True Minor ,N1373,1.0,2023-08-14
PAYNE & DOLAN INC  C25,<a href='?srn=N6297'>PAYNE & DOLAN INC  C25</a>,Delta,Synthetic Minor ,N6297,1.0,2023-08-09
BULK GUYS LLC,<a href='?srn=P1383'>BULK GUYS LLC</a>,Saint Clair,True Minor ,P1383,1.0,2023-06-26
PORTERCORP,<a href='?srn=P1373'>PORTERCORP</a>,Ottawa,True Minor ,P1373,1.0,2023-05-15
GEORGE P JOHNSON,<a href='?srn=P1345'>GEORGE P JOHNSON</a>,Oakland,True Minor ,P1345,1.0,2023-05-08
SANDMAN TRUCKING,<a href='?srn=P1316'>SANDMAN TRUCKING</a>,Barry,Unknown,P1316,1.0,2022-10-11
KENT QUALITY FOODS,<a href='?srn=P1310'>KENT QUALITY FOODS</a>,Ottawa,True Minor ,P1310,1.0,2022-09-16
BANDIT INDUSTRIES INC,<a href='?srn=P1291'>BANDIT INDUSTRIES INC</a>,Isabella,True Minor ,P1291,1.0,2022-07-12
CARMEUSE LIME AND STONE,<a href='?srn=P1275'>CARMEUSE LIME AND STONE</a>,Clinton,True Minor ,P1275,1.0,2022-08-04
"GREAT LAKES AGGREGATES, L.L.C. - SYLVANIA MINERALS","<a href='?srn=N5241'>GREAT LAKES AGGREGATES, L.L.C. - SYLVANIA MINERALS</a>",Monroe,True Minor ,N5241,1.0,2023-08-30
"LOYAL PAWS, LLC","<a href='?srn=P0588'>LOYAL PAWS, LLC</a>",Oakland,True Minor ,P0588,1.0,2023-08-30
ANR PIPELINE COMPANY - HAMILTON COMPRESSOR STATION,<a href='?srn=N5574'>ANR PIPELINE COMPANY - HAMILTON COMPRESSOR STATION</a>,Allegan,Major ,N5574,1.0,2023-08-31
ZIEBART OF MICHIGAN,<a href='?srn=P1226'>ZIEBART OF MICHIGAN</a>,Macomb,Unknown,P1226,1.0,2023-09-07
WILLBEE TRANSIX MIX,<a href='?srn=B6077'>WILLBEE TRANSIX MIX</a>,Jackson,True Minor ,B6077,1.0,2023-09-08
LOUIS PADNOS IRON & METAL,<a href='?srn=A2457'>LOUIS PADNOS IRON & METAL</a>,Kent,True Minor ,A2457,1.0,2023-09-11
CROSS EXCAVATING & DEMOLITION,<a href='?srn=P0060'>CROSS EXCAVATING & DEMOLITION</a>,Cass,True Minor ,P0060,1.0,2023-09-11
THERMOTRON INDUSTRIES,<a href='?srn=B5233'>THERMOTRON INDUSTRIES</a>,Allegan,Unknown,B5233,1.0,2023-09-18
MANNETRON,<a href='?srn=N3914'>MANNETRON</a>,Calhoun,True Minor ,N3914,1.0,2023-09-19
"GM COMPONENTS HOLDINGS, LLC","<a href='?srn=A2620'>GM COMPONENTS HOLDINGS, LLC</a>",Kent,True Minor ,A2620,1.0,2023-09-19
"CECIL COMPOSITES, LLC","<a href='?srn=B1772'>CECIL COMPOSITES, LLC</a>",Macomb,True Minor ,B1772,1.0,2023-09-20
PAYNE AND DOLAN INC.,<a href='?srn=P1204'>PAYNE AND DOLAN INC.</a>,Marquette,Synthetic Minor ,P1204,1.0,2023-09-20
"PRECISE FINISHING SYSTEMS, INC.","<a href='?srn=P0805'>PRECISE FINISHING SYSTEMS, INC.</a>",Livingston,True Minor ,P0805,1.0,2023-07-11
"ARKEMA, INC.","<a href='?srn=E4569'>ARKEMA, INC.</a>",Kent,Synthetic Minor ,E4569,1.0,2023-07-07
THE TORO COMPANY,<a href='?srn=N2907'>THE TORO COMPANY</a>,Dickinson,True Minor ,N2907,1.0,2023-02-07
BURTON EXCAVATING,<a href='?srn=N2837'>BURTON EXCAVATING</a>,Chippewa,True Minor ,N2837,1.0,2023-06-30
VALICOR ENVIRONMENTAL SERVICES,<a href='?srn=B9080'>VALICOR ENVIRONMENTAL SERVICES</a>,Wayne,True Minor ,B9080,1.0,2023-02-21
DELTA SOLID WASTE MANAGEMENT AUTHORITY,<a href='?srn=N6035'>DELTA SOLID WASTE MANAGEMENT AUTHORITY</a>,Delta,Major ,N6035,1.0,2023-02-23
MONTMORENCY-OSCODA-ALPENA WASTE MANAGEMENT AUTHORI,<a href='?srn=N8248'>MONTMORENCY-OSCODA-ALPENA WASTE MANAGEMENT AUTHORI</a>,Montmorency,Major ,N8248,1.0,2023-03-06
"JVIS MFG., LLC","<a href='?srn=N3747'>JVIS MFG., LLC</a>",Berrien,Synthetic Minor ,N3747,1.0,2023-03-07
FOREST LAWN LANDFILL,<a href='?srn=N2407'>FOREST LAWN LANDFILL</a>,Berrien,Major ,N2407,1.0,2023-03-27
HARBOR FOAM,<a href='?srn=N7754'>HARBOR FOAM</a>,Kent,Major ,N7754,1.0,2023-03-31
TRIBAR TECHNOLOGIES INC (PLANT 4),<a href='?srn=N7809'>TRIBAR TECHNOLOGIES INC (PLANT 4)</a>,Oakland,True Minor ,N7809,1.0,2023-04-06
WHITEFEATHER LANDFILL,<a href='?srn=N5985'>WHITEFEATHER LANDFILL</a>,Bay,Major ,N5985,1.0,2023-04-11
AVANCEZ HIGHLAND PARK,<a href='?srn=P1217'>AVANCEZ HIGHLAND PARK</a>,Oakland,Unknown,P1217,1.0,2023-04-12
DECC CO INC,<a href='?srn=N3751'>DECC CO INC</a>,Kent,Synthetic Minor ,N3751,1.0,2023-04-17
CHAMPAGNE & MARX EXCAVATING  INC,<a href='?srn=N5531'>CHAMPAGNE & MARX EXCAVATING  INC</a>,Saginaw,True Minor ,N5531,1.0,2023-04-19
DEPOR INDUSTRIES,<a href='?srn=N7599'>DEPOR INDUSTRIES</a>,Oakland,Synthetic Minor ,N7599,1.0,2023-04-25
DEXTER FASTENER TECHNOLOGIES INC.,<a href='?srn=N7596'>DEXTER FASTENER TECHNOLOGIES INC.</a>,Washtenaw,True Minor ,N7596,1.0,2023-04-26
"BEACON RECYCLING, INC.","<a href='?srn=P1231'>BEACON RECYCLING, INC.</a>",Muskegon,Unknown,P1231,1.0,2023-05-01
"MICHIGAN CUSTOM PACKAGING, LLC","<a href='?srn=A2448'>MICHIGAN CUSTOM PACKAGING, LLC</a>",Kent,Synthetic Minor ,A2448,1.0,2023-05-01
TECH LINE PRODUCTS,<a href='?srn=N5541'>TECH LINE PRODUCTS</a>,Muskegon,Synthetic Minor ,N5541,1.0,2023-05-01
"DUNN PAPER, INC.","<a href='?srn=A6218'>DUNN PAPER, INC.</a>",Saint Clair,Synthetic Minor ,A6218,1.0,2023-05-03
MACKENZIE RECYCLING CORP,<a href='?srn=P0105'>MACKENZIE RECYCLING CORP</a>,Ingham,True Minor ,P0105,1.0,2023-05-04
DE SAEGHER ENERGY LLC,<a href='?srn=P1256'>DE SAEGHER ENERGY LLC</a>,Gratiot,Unknown,P1256,1.0,2023-05-04
"GREAT LAKES FUSION, LLC","<a href='?srn=P0526'>GREAT LAKES FUSION, LLC</a>",Shiawassee,True Minor ,P0526,1.0,2023-05-09
GRUPO ANTOLIN HOWELL,<a href='?srn=N2198'>GRUPO ANTOLIN HOWELL</a>,Livingston,Synthetic Minor ,N2198,1.0,2023-05-09
EMERALD GRAPHICS INC,<a href='?srn=N3044'>EMERALD GRAPHICS INC</a>,Kent,Synthetic Minor ,N3044,1.0,2023-05-12
ANDRONACO INDUSTRIES,<a href='?srn=P0361'>ANDRONACO INDUSTRIES</a>,Kent,True Minor ,P0361,1.0,2023-05-15
ANDRONACO INDUSTRIES,<a href='?srn=N5535'>ANDRONACO INDUSTRIES</a>,Kent,Synthetic Minor ,N5535,1.0,2023-05-15
"ALCO PRODUCTS, LLC","<a href='?srn=N8308'>ALCO PRODUCTS, LLC</a>",Wayne,True Minor ,N8308,1.0,2023-05-18
ACE-SAGINAW PAVING COMPANY - PLANT 9,<a href='?srn=N1580'>ACE-SAGINAW PAVING COMPANY - PLANT 9</a>,Saginaw,Synthetic Minor ,N1580,1.0,2023-06-14
AGGREGATE RESOURCES,<a href='?srn=B6114'>AGGREGATE RESOURCES</a>,Kalamazoo,True Minor ,B6114,1.0,2023-06-22
LAKELAND MEDICAL CENTER (FORMER MEMORIAL HOSPITAL),<a href='?srn=C5704'>LAKELAND MEDICAL CENTER (FORMER MEMORIAL HOSPITAL)</a>,Berrien,Synthetic Minor ,C5704,1.0,2023-06-29
PADNOS MANUFACTURING,<a href='?srn=B1982'>PADNOS MANUFACTURING</a>,Ottawa,Synthetic Minor ,B1982,1.0,2023-06-30
ALLOY RESOURCE CORPORATION,<a href='?srn=N7888'>ALLOY RESOURCE CORPORATION</a>,Muskegon,Synthetic Minor ,N7888,1.0,2022-05-04
DYKEMA EXCAVATORS INC.,<a href='?srn=N6762'>DYKEMA EXCAVATORS INC.</a>,Kent,True Minor ,N6762,1.0,2022-05-04
SHAPE CORP,<a href='?srn=N1185'>SHAPE CORP</a>,Ottawa,True Minor ,N1185,1.0,2020-03-20
LAYLINE OIL & GAS LLC - GOOSE LAKE FACILITY,<a href='?srn=N7482'>LAYLINE OIL & GAS LLC - GOOSE LAKE FACILITY</a>,Osceola,Synthetic Minor ,N7482,1.0,2021-03-09
DELTA OIL COMPANY - BRILEY 31,<a href='?srn=N6065'>DELTA OIL COMPANY - BRILEY 31</a>,Montmorency,Synthetic Minor ,N6065,1.0,2020-12-02
DELTA OIL COMPANY - BOUGHNER,<a href='?srn=N6067'>DELTA OIL COMPANY - BOUGHNER</a>,Otsego,Synthetic Minor ,N6067,1.0,2020-12-02
DELTA OIL COMPANY - BRILEY19/VIENNA 13,<a href='?srn=N6068'>DELTA OIL COMPANY - BRILEY19/VIENNA 13</a>,Montmorency,Synthetic Minor ,N6068,1.0,2020-12-02
LINCOLN MEMORIAL PK CEMETERY,<a href='?srn=N7496'>LINCOLN MEMORIAL PK CEMETERY</a>,Macomb,True Minor ,N7496,1.0,2020-12-10
HARLO CORPORATION,<a href='?srn=B8887'>HARLO CORPORATION</a>,Kent,Synthetic Minor ,B8887,1.0,2020-12-16
TILDEN MINING COMPANY  LC,<a href='?srn=B4885'>TILDEN MINING COMPANY  LC</a>,Marquette,Major ,B4885,1.0,2020-12-17
HOLLAND BOARD OF PUBLIC WORKS-HOLLAND ENERGY PARK,<a href='?srn=P0465'>HOLLAND BOARD OF PUBLIC WORKS-HOLLAND ENERGY PARK</a>,Ottawa,Major ,P0465,1.0,2020-12-29
FISHER CONSTRUCTION AGGREGATES,<a href='?srn=P0156'>FISHER CONSTRUCTION AGGREGATES</a>,Isabella,True Minor ,P0156,1.0,2021-01-26
"MATTHEWS MILL, INC.","<a href='?srn=N5346'>MATTHEWS MILL, INC.</a>",Iosco,True Minor ,N5346,1.0,2021-02-03
"TOEFCO ENGINEERED COATING SYSTEMS, INC.","<a href='?srn=P0708'>TOEFCO ENGINEERED COATING SYSTEMS, INC.</a>",Berrien,Major ,P0708,1.0,2021-02-16
METROPOLITAN ALLOYS CORP,<a href='?srn=B3259'>METROPOLITAN ALLOYS CORP</a>,Wayne,True Minor ,B3259,1.0,2021-02-19
"CADILLAC ASPHALT, LLC","<a href='?srn=N5778'>CADILLAC ASPHALT, LLC</a>",Monroe,Synthetic Minor ,N5778,1.0,2021-02-23
ELLSWORTH CUTTING TOOLS,<a href='?srn=P1172'>ELLSWORTH CUTTING TOOLS</a>,Macomb,True Minor ,P1172,1.0,2021-03-03
"REPUBLIC INDUSTRIAL AND ENERGY SOLUTIONS, LLC","<a href='?srn=M4796'>REPUBLIC INDUSTRIAL AND ENERGY SOLUTIONS, LLC</a>",Wayne,True Minor ,M4796,1.0,2021-03-03
TUSCOLA ENERGY - WALAT 4-26 AND 5-26,<a href='?srn=P0388'>TUSCOLA ENERGY - WALAT 4-26 AND 5-26</a>,Tuscola,True Minor ,P0388,1.0,2021-03-16
WHITEHALL PRODUCTS LTD,<a href='?srn=B5169'>WHITEHALL PRODUCTS LTD</a>,Muskegon,Synthetic Minor ,B5169,1.0,2022-05-04
SEBEWAING LIGHT AND WATER DEPT.,<a href='?srn=N2726'>SEBEWAING LIGHT AND WATER DEPT.</a>,Huron,Synthetic Minor ,N2726,1.0,2021-03-23
OMIMEX ENERGY - WHITE RIVER PRODUCTION LLC,<a href='?srn=P1173'>OMIMEX ENERGY - WHITE RIVER PRODUCTION LLC</a>,Muskegon,Unknown,P1173,1.0,2021-03-29
OMIMEX ENERGY- CLAYBANKS 2 FACILITY,<a href='?srn=N2096'>OMIMEX ENERGY- CLAYBANKS 2 FACILITY</a>,Oceana,Synthetic Minor ,N2096,1.0,2021-03-29
GREAT LAKES RUBBER CO INC,<a href='?srn=B8919'>GREAT LAKES RUBBER CO INC</a>,Oakland,Synthetic Minor ,B8919,1.0,2021-04-16
QUAKER HOUGHTON,<a href='?srn=A7513'>QUAKER HOUGHTON</a>,Wayne,True Minor ,A7513,1.0,2021-04-29
FORD MOTOR CO/ WAYNE COMPLEX,<a href='?srn=A8650'>FORD MOTOR CO/ WAYNE COMPLEX</a>,Wayne,Major ,A8650,1.0,2021-05-06
"TOP GRADE AGGREGATES, LLC","<a href='?srn=E2842'>TOP GRADE AGGREGATES, LLC</a>",Kalamazoo,True Minor ,E2842,1.0,2021-05-06
"ELITE CUSTOM CRUSHING, LLC","<a href='?srn=P1011'>ELITE CUSTOM CRUSHING, LLC</a>",Midland,True Minor ,P1011,1.0,2021-05-10
ASSOCIATED CONSTRUCTORS LLC,<a href='?srn=N7162'>ASSOCIATED CONSTRUCTORS LLC</a>,Marquette,True Minor ,N7162,1.0,2021-05-10
ASSOCIATED CONSTRUCTORS LLC,<a href='?srn=N6667'>ASSOCIATED CONSTRUCTORS LLC</a>,Marquette,True Minor ,N6667,1.0,2021-05-10
ARAUCO NORTH AMERICA,<a href='?srn=P0699'>ARAUCO NORTH AMERICA</a>,Crawford,Major ,P0699,1.0,2021-05-11
MARSH PLATING CORPORATION,<a href='?srn=B2576'>MARSH PLATING CORPORATION</a>,Washtenaw,True Minor ,B2576,1.0,2021-05-11
INTERNATIONAL AUTOMOTIVE COMPONENTS,<a href='?srn=B6625'>INTERNATIONAL AUTOMOTIVE COMPONENTS</a>,Saint Clair,Synthetic Minor ,B6625,1.0,2021-05-12
"RIETH RILEY CONSTRUCTION CO., INC.","<a href='?srn=B1646'>RIETH RILEY CONSTRUCTION CO., INC.</a>",Eaton,Synthetic Minor ,B1646,1.0,2021-06-14
DELTA OIL COMPANY - AVERY 24/31,<a href='?srn=N6070'>DELTA OIL COMPANY - AVERY 24/31</a>,Montmorency,Synthetic Minor ,N6070,1.0,2020-12-02
"NORBROOK PLATING, INC.","<a href='?srn=B6660'>NORBROOK PLATING, INC.</a>",Macomb,True Minor ,B6660,1.0,2020-11-30
CARBON GREEN BIOENERGY,<a href='?srn=N7412'>CARBON GREEN BIOENERGY</a>,Barry,Synthetic Minor ,N7412,1.0,2020-11-19
MICHIGAN PAVING & MATERIALS CO.,<a href='?srn=N0758'>MICHIGAN PAVING & MATERIALS CO.</a>,Kent,Synthetic Minor ,N0758,1.0,2020-11-19
"CONFORMANCE COATING AND PROTOTYPE, INC","<a href='?srn=N0871'>CONFORMANCE COATING AND PROTOTYPE, INC</a>",Saint Clair,Synthetic Minor ,N0871,1.0,2020-04-03
MOTOR PRODUCTS - A DIVISION OF ALLIED MOTION TECH.,<a href='?srn=H2781'>MOTOR PRODUCTS - A DIVISION OF ALLIED MOTION TECH.</a>,Shiawassee,Synthetic Minor ,H2781,1.0,2020-04-09
DEVEREAUX SAWMILL,<a href='?srn=N2157'>DEVEREAUX SAWMILL</a>,Ionia,True Minor ,N2157,1.0,2020-04-10
FIBER BY PRODUCTS CORP,<a href='?srn=N7708'>FIBER BY PRODUCTS CORP</a>,Saint Joseph,True Minor ,N7708,1.0,2020-04-20
PAYNE & DOLAN INC  C34,<a href='?srn=N6569'>PAYNE & DOLAN INC  C34</a>,Chippewa,Synthetic Minor ,N6569,1.0,2020-04-24
BODYCOTE THERMAL PROCESSING,<a href='?srn=P0101'>BODYCOTE THERMAL PROCESSING</a>,Ingham,True Minor ,P0101,1.0,2020-05-06
"BMC GLOBAL, LLC DBA BLISSFIELD MANUFACTURING","<a href='?srn=A2889'>BMC GLOBAL, LLC DBA BLISSFIELD MANUFACTURING</a>",Lenawee,Synthetic Minor ,A2889,1.0,2020-05-14
"CHEMICO SYSTEMS, INC.","<a href='?srn=N5722'>CHEMICO SYSTEMS, INC.</a>",Macomb,True Minor ,N5722,1.0,2020-06-15
ADVANCE PACKAGING CORPORATION,<a href='?srn=N7771'>ADVANCE PACKAGING CORPORATION</a>,Kent,True Minor ,N7771,1.0,2020-07-31
COSMA CASTING MICHIGAN,<a href='?srn=N8223'>COSMA CASTING MICHIGAN</a>,Calhoun,Synthetic Minor ,N8223,1.0,2020-08-14
"LENOX CREMATION SERVICES OF MICHIGAN, INC","<a href='?srn=P0746'>LENOX CREMATION SERVICES OF MICHIGAN, INC</a>",Saint Clair,True Minor ,P0746,1.0,2020-08-18
IRON CITY ENTERPRISES INC.,<a href='?srn=N3931'>IRON CITY ENTERPRISES INC.</a>,Menominee,True Minor ,N3931,1.0,2020-08-21
"A & K FINISHING, INC.","<a href='?srn=N5155'>A & K FINISHING, INC.</a>",Kent,Synthetic Minor ,N5155,1.0,2020-08-25
PET & ANIMAL CREMATION EXCHANGE,<a href='?srn=P0993'>PET & ANIMAL CREMATION EXCHANGE</a>,Macomb,True Minor ,P0993,1.0,2020-08-25
ASCENSION ST. JOHN HOSPITAL,<a href='?srn=M1812'>ASCENSION ST. JOHN HOSPITAL</a>,Wayne,Synthetic Minor ,M1812,1.0,2020-08-31
CLARIOS APS PRODUCTION,<a href='?srn=P0194'>CLARIOS APS PRODUCTION</a>,Allegan,Synthetic Minor ,P0194,1.0,2020-09-10
GMI - HMA PLANT 19,<a href='?srn=B7068'>GMI - HMA PLANT 19</a>,Lenawee,Synthetic Minor ,B7068,1.0,2020-09-10
"LAKE PAINTING, INC.","<a href='?srn=N8056'>LAKE PAINTING, INC.</a>",Midland,True Minor ,N8056,1.0,2020-09-15
ZF AXLE DRIVES MARYSVILLE,<a href='?srn=N7795'>ZF AXLE DRIVES MARYSVILLE</a>,Saint Clair,Synthetic Minor ,N7795,1.0,2020-09-16
US ENERGY DISTRIBUTION LLC - NOVI TERMINAL,<a href='?srn=B2881'>US ENERGY DISTRIBUTION LLC - NOVI TERMINAL</a>,Oakland,Synthetic Minor ,B2881,1.0,2020-09-22
K & W LANDFILL INC,<a href='?srn=N6039'>K & W LANDFILL INC</a>,Ontonagon,Major ,N6039,1.0,2020-09-22
DAFTER SANITARY LANDFILL INC,<a href='?srn=N6033'>DAFTER SANITARY LANDFILL INC</a>,Chippewa,Major ,N6033,1.0,2020-09-22
MICHIGAN ENVIRONS INC,<a href='?srn=N6037'>MICHIGAN ENVIRONS INC</a>,Menominee,Major ,N6037,1.0,2020-09-22
MID MICHIGAN CRUSHING & RECYCLING LLC-FENTON,<a href='?srn=P0294'>MID MICHIGAN CRUSHING & RECYCLING LLC-FENTON</a>,Genesee,True Minor ,P0294,1.0,2020-09-25
OAKLAND CO. SERVICE CENTER,<a href='?srn=G5252'>OAKLAND CO. SERVICE CENTER</a>,Oakland,Synthetic Minor ,G5252,1.0,2020-09-25
WYOMING ASPHALT PAVING INC,<a href='?srn=N3626'>WYOMING ASPHALT PAVING INC</a>,Van Buren,Synthetic Minor ,N3626,1.0,2020-09-28
"CADILLAC ASPHALT, L.L.C., CLARKSTON","<a href='?srn=B4287'>CADILLAC ASPHALT, L.L.C., CLARKSTON</a>",Oakland,Synthetic Minor ,B4287,1.0,2020-09-28
AVL POWERTRAIN ENGINEERING,<a href='?srn=N6989'>AVL POWERTRAIN ENGINEERING</a>,Washtenaw,Major ,N6989,1.0,2020-09-30
MAGNA MIRRORS CORPORATION,<a href='?srn=N1781'>MAGNA MIRRORS CORPORATION</a>,Ottawa,Synthetic Minor ,N1781,1.0,2020-10-05
CARMEUSE LIME & STONE DRUMMOND ISLAND,<a href='?srn=B2362'>CARMEUSE LIME & STONE DRUMMOND ISLAND</a>,Chippewa,True Minor ,B2362,1.0,2021-06-17
PEERLESS METAL POWDERS & ABRASIVES,<a href='?srn=M3754'>PEERLESS METAL POWDERS & ABRASIVES</a>,Wayne,True Minor ,M3754,1.0,2021-06-24
WIL-KAST INC,<a href='?srn=N7534'>WIL-KAST INC</a>,Kent,True Minor ,N7534,1.0,2021-06-28
DICK HUVAERE AUTO BODY REPAIR SHOP,<a href='?srn=P0680'>DICK HUVAERE AUTO BODY REPAIR SHOP</a>,Macomb,Synthetic Minor ,P0680,1.0,2021-09-27
CORIUM INTERNATIONAL INC.,<a href='?srn=P0308'>CORIUM INTERNATIONAL INC.</a>,Kent,True Minor ,P0308,1.0,2021-10-04
ADM GRAIN COMPANY - WEBBERVILLE,<a href='?srn=B8863'>ADM GRAIN COMPANY - WEBBERVILLE</a>,Ingham,True Minor ,B8863,1.0,2021-10-04
"ACRA CAST, INC.","<a href='?srn=N0940'>ACRA CAST, INC.</a>",Bay,True Minor ,N0940,1.0,2021-10-07
"GREAT LAKES AGGREGATES, TAYLOR PLANT","<a href='?srn=B4686'>GREAT LAKES AGGREGATES, TAYLOR PLANT</a>",Wayne,Synthetic Minor ,B4686,1.0,2021-10-07
PLASTIC PLATE INC,<a href='?srn=B6138'>PLASTIC PLATE INC</a>,Kent,Synthetic Minor ,B6138,1.0,2021-10-08
A LINDBERG & SONS INC #48-99,<a href='?srn=N6717'>A LINDBERG & SONS INC #48-99</a>,Marquette,True Minor ,N6717,1.0,2021-10-08
OAKLAND UNIVERSITY,<a href='?srn=N3422'>OAKLAND UNIVERSITY</a>,Oakland,Synthetic Minor ,N3422,1.0,2021-10-12
WEST MICHIGAN STRIPPING,<a href='?srn=P1229'>WEST MICHIGAN STRIPPING</a>,Kent,Unknown,P1229,1.0,2021-10-21
NEXTEER AUTOMOTIVE CORPORATION,<a href='?srn=A6175'>NEXTEER AUTOMOTIVE CORPORATION</a>,Saginaw,Major ,A6175,1.0,2021-10-26
"HOUND RESOURCES, FREDERIC 15 GAS PLANT","<a href='?srn=B7222'>HOUND RESOURCES, FREDERIC 15 GAS PLANT</a>",Crawford,Major ,B7222,1.0,2021-11-08
HEMLOCK SEMICONDUCTOR OPERATIONS LLC,<a href='?srn=B2644'>HEMLOCK SEMICONDUCTOR OPERATIONS LLC</a>,Saginaw,Major ,B2644,1.0,2021-11-10
CONTOUR COMPANIES,<a href='?srn=P1237'>CONTOUR COMPANIES</a>,Oakland,True Minor ,P1237,1.0,2021-11-18
SELFRIDGE AIR NATIONAL GUARD BASE,<a href='?srn=F3254'>SELFRIDGE AIR NATIONAL GUARD BASE</a>,Macomb,Synthetic Minor ,F3254,1.0,2021-11-29
BOLLE CONTRACTING,<a href='?srn=P1219'>BOLLE CONTRACTING</a>,Luce,True Minor ,P1219,1.0,2021-12-14
ANR PIPELINE CO.-MUTTONVILLE COMPRESSOR STATION,<a href='?srn=B8337'>ANR PIPELINE CO.-MUTTONVILLE COMPRESSOR STATION</a>,Macomb,Major ,B8337,1.0,2022-01-24
DC BYERS COMPANY,<a href='?srn=N6637'>DC BYERS COMPANY</a>,Kent,True Minor ,N6637,1.0,2022-01-27
WEEKS FOOD CORP WAREHOUSE,<a href='?srn=P1255'>WEEKS FOOD CORP WAREHOUSE</a>,Macomb,Unknown,P1255,1.0,2022-02-24
RESSURRECTION CEMETERY-CREMATORY,<a href='?srn=N7745'>RESSURRECTION CEMETERY-CREMATORY</a>,Macomb,True Minor ,N7745,1.0,2022-02-25
ST JOSEPH MERCY HOSPITAL,<a href='?srn=M3431'>ST JOSEPH MERCY HOSPITAL</a>,Washtenaw,Synthetic Minor ,M3431,1.0,2022-03-08
DT MIDSTREAM - WASHINGTON 10 COMPRESSOR STATION,<a href='?srn=N3391'>DT MIDSTREAM - WASHINGTON 10 COMPRESSOR STATION</a>,Macomb,Major ,N3391,1.0,2022-03-15
GM TECHNICAL CENTER,<a href='?srn=B4049'>GM TECHNICAL CENTER</a>,Macomb,Major ,B4049,1.0,2022-03-16
DTE GAS CO. - BELLE RIVER MILLS COMPRESSOR STATION,<a href='?srn=B6478'>DTE GAS CO. - BELLE RIVER MILLS COMPRESSOR STATION</a>,Saint Clair,Major ,B6478,1.0,2022-03-22
"MARCELLUS METALCASTERS, INC.","<a href='?srn=P0759'>MARCELLUS METALCASTERS, INC.</a>",Cass,Unknown,P0759,1.0,2022-03-23
AJAX METAL PROCESSING INC.,<a href='?srn=B5830'>AJAX METAL PROCESSING INC.</a>,Wayne,Major ,B5830,1.0,2022-04-12
ALUDYNE,<a href='?srn=B2864'>ALUDYNE</a>,Gratiot,True Minor ,B2864,1.0,2022-04-13
SUPERIOR ASPHALT,<a href='?srn=P1162'>SUPERIOR ASPHALT</a>,Kent,True Minor ,P1162,1.0,2022-04-14
SEBRIGHT PRODUCTS INC.,<a href='?srn=P0401'>SEBRIGHT PRODUCTS INC.</a>,Allegan,Unknown,P0401,1.0,2022-04-15
INNOTEC,<a href='?srn=P1126'>INNOTEC</a>,Ottawa,True Minor ,P1126,1.0,2022-04-15
"EAST JORDAN FOUNDRY, LLC","<a href='?srn=N6052'>EAST JORDAN FOUNDRY, LLC</a>",Antrim,Major ,N6052,1.0,2022-04-22
IRWIN SEATING COMPANY,<a href='?srn=B0333'>IRWIN SEATING COMPANY</a>,Kent,True Minor ,B0333,1.0,2021-09-30
AZON USA INC,<a href='?srn=N3124'>AZON USA INC</a>,Kalamazoo,True Minor ,N3124,1.0,2021-09-24
"CENTENNIAL COATINGS, LLC","<a href='?srn=A5814'>CENTENNIAL COATINGS, LLC</a>",Ottawa,True Minor ,A5814,1.0,2021-07-12
"HUTCHINSON ANTIVIBRATION SYSTEMS, INC.","<a href='?srn=E5094'>HUTCHINSON ANTIVIBRATION SYSTEMS, INC.</a>",Kent,Major ,E5094,1.0,2021-09-23
LAKELAND MONROE GROUP - PLANT 2,<a href='?srn=N7645'>LAKELAND MONROE GROUP - PLANT 2</a>,Kent,Synthetic Minor ,N7645,1.0,2021-07-15
"BUCKEYE TERMINALS, LLC-MARSHALL TERMINAL","<a href='?srn=B9052'>BUCKEYE TERMINALS, LLC-MARSHALL TERMINAL</a>",Calhoun,Synthetic Minor ,B9052,1.0,2021-07-19
"COMPASSIONATE ADVISORS-PINCANNA, LLC","<a href='?srn=P1098'>COMPASSIONATE ADVISORS-PINCANNA, LLC</a>",Bay,True Minor ,P1098,1.0,2021-07-23
STATE HEAT TREATING COMPANY,<a href='?srn=P1208'>STATE HEAT TREATING COMPANY</a>,Kent,True Minor ,P1208,1.0,2021-07-27
KENT FOUNDRY CO.,<a href='?srn=B1737'>KENT FOUNDRY CO.</a>,Montcalm,Synthetic Minor ,B1737,1.0,2021-07-29
MARQUETTE BRANCH PRISON,<a href='?srn=K2153'>MARQUETTE BRANCH PRISON</a>,Marquette,Synthetic Minor ,K2153,1.0,2021-08-05
STEELCASE INC.- KENTWOOD COMPLEX,<a href='?srn=N0677'>STEELCASE INC.- KENTWOOD COMPLEX</a>,Kent,Major ,N0677,1.0,2021-08-06
FCA US LLC STERLING HEIGHTS ASSEMBLY PLANT,<a href='?srn=B7248'>FCA US LLC STERLING HEIGHTS ASSEMBLY PLANT</a>,Macomb,Major ,B7248,1.0,2021-08-09
STELMI AMERICA LLC,<a href='?srn=N7166'>STELMI AMERICA LLC</a>,Calhoun,True Minor ,N7166,1.0,2021-08-09
PERRY MOUNT PARK CEMETERY,<a href='?srn=N3768'>PERRY MOUNT PARK CEMETERY</a>,Oakland,True Minor ,N3768,1.0,2021-08-10
MOLD MASTERS LIMITED,<a href='?srn=P0609'>MOLD MASTERS LIMITED</a>,Oakland,True Minor ,P0609,1.0,2023-09-22
MUNSON MEDICAL CENTER,<a href='?srn=D5884'>MUNSON MEDICAL CENTER</a>,Grand Traverse,True Minor ,D5884,1.0,2021-08-10
NORTH SHORE MARINE TERMINAL,<a href='?srn=N2969'>NORTH SHORE MARINE TERMINAL</a>,Delta,True Minor ,N2969,1.0,2021-08-17
DETROIT WATER AND SEWERAGE - CITY OF DETROIT,<a href='?srn=M4845'>DETROIT WATER AND SEWERAGE - CITY OF DETROIT</a>,Wayne,Synthetic Minor ,M4845,1.0,2021-08-20
MUSASHI AUTO PARTS - MICHIGAN INC.,<a href='?srn=N2074'>MUSASHI AUTO PARTS - MICHIGAN INC.</a>,Calhoun,True Minor ,N2074,1.0,2021-08-23
COBRA SUMMERFIELD BOOSTER,<a href='?srn=P0568'>COBRA SUMMERFIELD BOOSTER</a>,Clare,True Minor ,P0568,1.0,2021-08-31
UNIVERSITY OF MICHIGAN,<a href='?srn=M0675'>UNIVERSITY OF MICHIGAN</a>,Washtenaw,Major ,M0675,1.0,2021-09-02
TLC CREMATORY COMPANY,<a href='?srn=P1133'>TLC CREMATORY COMPANY</a>,Kent,True Minor ,P1133,1.0,2021-09-02
H.C. STARCK SOLUTIONS COLDWATER LLC,<a href='?srn=B1523'>H.C. STARCK SOLUTIONS COLDWATER LLC</a>,Branch,Synthetic Minor ,B1523,1.0,2021-09-07
POLLARD (U.S.) LTD,<a href='?srn=N1622'>POLLARD (U.S.) LTD</a>,Washtenaw,Synthetic Minor ,N1622,1.0,2021-09-08
CREATIVE MERCHANDISING SYSTEMS INC,<a href='?srn=N8194'>CREATIVE MERCHANDISING SYSTEMS INC</a>,Kent,True Minor ,N8194,1.0,2021-09-09
"WASTE MANAGEMENT OF MICHIGAN, INC. – AUTUMN HILLS","<a href='?srn=N6006'>WASTE MANAGEMENT OF MICHIGAN, INC. – AUTUMN HILLS</a>",Ottawa,Major ,N6006,1.0,2021-09-10
"NUGENT SAND CO., INC.","<a href='?srn=N7270'>NUGENT SAND CO., INC.</a>",Muskegon,True Minor ,N7270,1.0,2021-09-10
"SUSPA, INC","<a href='?srn=N3354'>SUSPA, INC</a>",Kent,True Minor ,N3354,1.0,2021-09-13
SUNSET MEMORIAL GARDENS,<a href='?srn=N7125'>SUNSET MEMORIAL GARDENS</a>,Ionia,True Minor ,N7125,1.0,2021-09-14
"WKW EXTRUSION, ERBSLOEH ALUMINUM SOLUTIONS, INC.","<a href='?srn=N2170'>WKW EXTRUSION, ERBSLOEH ALUMINUM SOLUTIONS, INC.</a>",Kalamazoo,True Minor ,N2170,1.0,2021-09-16
WEBASTO SUNROOFS INC,<a href='?srn=N1276'>WEBASTO SUNROOFS INC</a>,Oakland,Synthetic Minor ,N1276,1.0,2021-09-21
G-M WOOD PRDUCTS,<a href='?srn=P0477'>G-M WOOD PRDUCTS</a>,Newaygo,True Minor ,P0477,1.0,2021-09-22
"GREAT LAKES CREMATION SERVICE, LLC","<a href='?srn=P0580'>GREAT LAKES CREMATION SERVICE, LLC</a>",Genesee,True Minor ,P0580,1.0,2021-09-23
"GRAPHIC PACKAGING INTERNATIONAL, LLC","<a href='?srn=B1534'>GRAPHIC PACKAGING INTERNATIONAL, LLC</a>",Calhoun,Major ,B1534,1.0,2018-01-04
